3/15/2022 10:50:01 PM,5414,1,auto,high,1,1,,,
3/15/2022 10:50:07 PM,5414,1,auto,low,1,1,,,
3/15/2022 10:50:12 PM,5414,1,teleop,high,1,4,,,
3/15/2022 10:50:14 PM,5414,1,teleop,high,1,4,,,
3/15/2022 10:50:15 PM,5414,1,teleop,high,1,4,,,
3/15/2022 10:50:17 PM,5414,1,teleop,high,1,4,,,
3/15/2022 10:50:49 PM,418,1,auto,low,1,1,,,
3/15/2022 10:50:49 PM,418,1,teleop,low,1,2,,,
3/15/2022 10:50:49 PM,418,1,teleop,low,1,2,,,
3/15/2022 10:51:07 PM,7418,1,auto,high,1,1,,,
3/15/2022 10:51:07 PM,7418,1,auto,low,1,1,,,
3/15/2022 10:51:07 PM,7418,1,teleop,high,1,8,,,
3/15/2022 10:51:07 PM,7418,1,teleop,high,1,8,,,
3/15/2022 10:51:07 PM,7418,1,teleop,high,1,8,,,
3/15/2022 10:51:07 PM,7418,1,teleop,high,1,8,,,
3/15/2022 10:51:07 PM,7418,1,teleop,high,1,8,,,
3/15/2022 10:51:07 PM,7418,1,teleop,high,1,8,,,
3/15/2022 10:51:07 PM,7418,1,teleop,high,1,8,,,
3/15/2022 10:51:07 PM,7418,1,teleop,high,1,8,,,
3/15/2022 10:51:07 PM,8177,1,auto,low,1,1,,,
3/15/2022 10:51:07 PM,8177,1,teleop,high,1,7,,,
3/15/2022 10:51:07 PM,8177,1,teleop,high,1,7,,,
3/15/2022 10:51:07 PM,8177,1,teleop,high,1,7,,,
3/15/2022 10:51:07 PM,8177,1,teleop,high,1,7,,,
3/15/2022 10:51:07 PM,8177,1,teleop,high,1,7,,,
3/15/2022 10:51:07 PM,8177,1,teleop,high,1,7,,,
3/15/2022 10:51:07 PM,8177,1,teleop,high,1,7,,,
3/15/2022 10:51:07 PM,5261,1,auto,low,1,1,,,
3/15/2022 10:51:07 PM,5261,1,teleop,high,1,2,,,
3/15/2022 10:51:07 PM,5261,1,teleop,high,1,2,,,
3/15/2022 10:51:07 PM,5261,1,teleop,low,1,2,,,
3/15/2022 10:51:07 PM,5261,1,teleop,low,1,2,,,
3/15/2022 10:51:07 PM,5923,1,teleop,high,1,2,,,
3/15/2022 10:51:07 PM,5923,1,teleop,high,1,2,,,
3/15/2022 10:51:07 PM,5923,1,teleop,low,1,1,,,
3/15/2022 10:51:07 PM,8370,2,auto,high,1,1,,,
3/15/2022 10:51:07 PM,8370,2,teleop,high,1,6,,,
3/15/2022 10:51:07 PM,8370,2,teleop,high,1,6,,,
3/15/2022 10:51:07 PM,8370,2,teleop,high,1,6,,,
3/15/2022 10:51:07 PM,8370,2,teleop,high,1,6,,,
3/15/2022 10:51:07 PM,8370,2,teleop,high,1,6,,,
3/15/2022 10:51:07 PM,8370,2,teleop,high,1,6,,,
3/15/2022 10:51:07 PM,118,2,teleop,high,1,1,,,
3/15/2022 10:51:08 PM,7115,2,auto,high,1,1,,,
3/15/2022 10:51:08 PM,7115,2,auto,low,1,1,,,
3/15/2022 10:51:08 PM,7115,2,teleop,high,1,9,,,
3/15/2022 10:51:08 PM,7115,2,teleop,high,1,9,,,
3/15/2022 10:51:08 PM,7115,2,teleop,high,1,9,,,
3/15/2022 10:51:08 PM,7115,2,teleop,high,1,9,,,
3/15/2022 10:51:08 PM,7115,2,teleop,high,1,9,,,
3/15/2022 10:51:08 PM,7115,2,teleop,high,1,9,,,
3/15/2022 10:51:08 PM,7115,2,teleop,high,1,9,,,
3/15/2022 10:51:08 PM,7115,2,teleop,high,1,9,,,
3/15/2022 10:51:08 PM,7115,2,teleop,high,1,9,,,
3/15/2022 10:51:08 PM,5829,2,auto,high,1,1,,,
3/15/2022 10:51:08 PM,4597,2,auto,low,1,1,,,
3/15/2022 10:51:08 PM,4597,2,teleop,high,1,3,,,
3/15/2022 10:51:08 PM,4597,2,teleop,high,1,3,,,
3/15/2022 10:51:08 PM,4597,2,teleop,high,1,3,,,
3/15/2022 10:51:08 PM,4332,2,teleop,high,1,4,,,
3/15/2022 10:51:08 PM,4332,2,teleop,high,1,4,,,
3/15/2022 10:51:08 PM,4332,2,teleop,high,1,4,,,
3/15/2022 10:51:08 PM,4332,2,teleop,high,1,4,,,
3/15/2022 10:51:08 PM,4332,2,teleop,low,1,1,,,
3/15/2022 10:51:08 PM,1255,3,auto,high,1,1,,,
3/15/2022 10:51:08 PM,1255,3,auto,low,1,1,,,
3/15/2022 10:51:08 PM,1255,3,teleop,high,1,9,,,
3/15/2022 10:51:08 PM,1255,3,teleop,high,1,9,,,
3/15/2022 10:51:08 PM,1255,3,teleop,high,1,9,,,
3/15/2022 10:51:08 PM,1255,3,teleop,high,1,9,,,
3/15/2022 10:51:08 PM,1255,3,teleop,high,1,9,,,
3/15/2022 10:51:08 PM,1255,3,teleop,high,1,9,,,
3/15/2022 10:51:08 PM,1255,3,teleop,high,1,9,,,
3/15/2022 10:51:08 PM,1255,3,teleop,high,1,9,,,
3/15/2022 10:51:08 PM,1255,3,teleop,high,1,9,,,
3/15/2022 10:51:08 PM,231,3,auto,high,1,1,,,
3/15/2022 10:51:08 PM,231,3,auto,low,1,1,,,
3/15/2022 10:51:08 PM,231,3,teleop,high,1,4,,,
3/15/2022 10:51:08 PM,231,3,teleop,high,1,4,,,
3/15/2022 10:51:08 PM,231,3,teleop,high,1,4,,,
3/15/2022 10:51:08 PM,231,3,teleop,high,1,4,,,
3/15/2022 10:51:08 PM,5427,3,teleop,high,1,4,,,
3/15/2022 10:51:08 PM,5427,3,teleop,high,1,4,,,
3/15/2022 10:51:08 PM,5427,3,teleop,high,1,4,,,
3/15/2022 10:51:08 PM,5427,3,teleop,high,1,4,,,
3/15/2022 10:51:08 PM,7616,3,auto,low,1,1,,,
3/15/2022 10:51:08 PM,7616,3,teleop,high,1,4,,,
3/15/2022 10:51:08 PM,7616,3,teleop,high,1,4,,,
3/15/2022 10:51:08 PM,7616,3,teleop,high,1,4,,,
3/15/2022 10:51:08 PM,7616,3,teleop,high,1,4,,,
3/15/2022 10:51:08 PM,2882,3,auto,high,1,1,,,
3/15/2022 10:51:08 PM,2882,3,auto,low,1,1,,,
3/15/2022 10:51:08 PM,5892,3,auto,low,1,1,,,
3/15/2022 10:51:08 PM,5892,3,teleop,high,1,2,,,
3/15/2022 10:51:08 PM,5892,3,teleop,high,1,2,,,
3/15/2022 10:51:08 PM,5892,3,teleop,low,1,1,,,
3/15/2022 10:51:08 PM,324,4,auto,high,1,1,,,
3/15/2022 10:51:08 PM,324,4,auto,low,1,1,,,
3/15/2022 10:51:08 PM,324,4,teleop,high,1,2,,,
3/15/2022 10:51:08 PM,324,4,teleop,high,1,2,,,
3/15/2022 10:51:08 PM,6645,4,auto,high,1,1,,,
3/15/2022 10:51:08 PM,6645,4,auto,low,1,1,,,
3/15/2022 10:51:08 PM,6645,4,teleop,high,1,9,,,
3/15/2022 10:51:08 PM,6645,4,teleop,high,1,9,,,
3/15/2022 10:51:08 PM,6645,4,teleop,high,1,9,,,
3/15/2022 10:51:08 PM,6645,4,teleop,high,1,9,,,
3/15/2022 10:51:08 PM,6645,4,teleop,high,1,9,,,
3/15/2022 10:51:08 PM,6645,4,teleop,high,1,9,,,
3/15/2022 10:51:08 PM,6645,4,teleop,high,1,9,,,
3/15/2022 10:51:08 PM,6645,4,teleop,high,1,9,,,
3/15/2022 10:51:08 PM,6645,4,teleop,high,1,9,,,
3/15/2022 10:51:08 PM,5894,4,auto,high,1,1,,,
3/15/2022 10:51:08 PM,5894,4,teleop,high,1,4,,,
3/15/2022 10:51:08 PM,5894,4,teleop,high,1,4,,,
3/15/2022 10:51:08 PM,5894,4,teleop,high,1,4,,,
3/15/2022 10:51:08 PM,5894,4,teleop,high,1,4,,,
3/15/2022 10:51:09 PM,8515,4,auto,high,1,1,,,
3/15/2022 10:51:09 PM,8515,4,teleop,high,1,1,,,
3/15/2022 10:51:09 PM,4639,4,auto,high,1,1,,,
3/15/2022 10:51:09 PM,4639,4,auto,low,1,1,,,
3/15/2022 10:51:09 PM,4639,4,teleop,high,1,8,,,
3/15/2022 10:51:09 PM,4639,4,teleop,high,1,8,,,
3/15/2022 10:51:09 PM,4639,4,teleop,high,1,8,,,
3/15/2022 10:51:09 PM,4639,4,teleop,high,1,8,,,
3/15/2022 10:51:09 PM,4639,4,teleop,high,1,8,,,
3/15/2022 10:51:09 PM,4639,4,teleop,high,1,8,,,
3/15/2022 10:51:09 PM,4639,4,teleop,high,1,8,,,
3/15/2022 10:51:09 PM,4639,4,teleop,high,1,8,,,
3/15/2022 10:51:09 PM,4587,4,teleop,high,1,3,,,
3/15/2022 10:51:09 PM,4587,4,teleop,high,1,3,,,
3/15/2022 10:51:09 PM,4587,4,teleop,high,1,3,,,
3/15/2022 10:51:09 PM,4587,4,teleop,low,1,2,,,
3/15/2022 10:51:09 PM,4587,4,teleop,low,1,2,,,
3/15/2022 10:51:09 PM,7492,5,teleop,high,1,5,,,
3/15/2022 10:51:09 PM,7492,5,teleop,high,1,5,,,
3/15/2022 10:51:09 PM,7492,5,teleop,high,1,5,,,
3/15/2022 10:51:09 PM,7492,5,teleop,high,1,5,,,
3/15/2022 10:51:09 PM,7492,5,teleop,high,1,5,,,
3/15/2022 10:51:09 PM,4295,5,teleop,high,1,1,,,
3/15/2022 10:51:09 PM,4295,5,teleop,low,1,2,,,
3/15/2022 10:51:09 PM,4295,5,teleop,low,1,2,,,
3/15/2022 10:51:24 PM,8576,5,auto,high,1,1,,,
3/15/2022 10:51:24 PM,8576,5,auto,low,1,1,,,
3/15/2022 10:51:24 PM,8576,5,teleop,high,1,1,,,
3/15/2022 10:51:24 PM,7312,5,auto,high,1,1,,,
3/15/2022 10:51:24 PM,7312,5,auto,low,1,1,,,
3/15/2022 10:51:24 PM,7312,5,teleop,high,1,1,,,
3/15/2022 10:51:24 PM,5682,5,auto,high,1,1,,,
3/15/2022 10:51:24 PM,5682,5,auto,low,1,1,,,
3/15/2022 10:51:24 PM,5682,5,teleop,high,1,1,,,
3/15/2022 10:51:24 PM,3035,5,auto,high,1,1,,,
3/15/2022 10:51:24 PM,3035,5,auto,low,1,1,,,
3/15/2022 10:51:24 PM,3035,5,teleop,high,1,1,,,
3/15/2022 10:51:24 PM,118,6,auto,high,1,1,,,
3/15/2022 10:51:24 PM,118,6,auto,low,1,1,,,
3/15/2022 10:51:24 PM,118,6,teleop,high,1,1,,,
3/15/2022 10:51:24 PM,8150,6,auto,high,1,1,,,
3/15/2022 10:51:24 PM,8150,6,auto,low,1,1,,,
3/15/2022 10:51:24 PM,8150,6,teleop,high,1,1,,,
3/15/2022 10:51:24 PM,7418,6,auto,high,1,1,,,
3/15/2022 10:51:24 PM,7418,6,auto,low,1,1,,,
3/15/2022 10:51:24 PM,7418,6,teleop,high,1,1,,,
3/15/2022 10:51:24 PM,8210,6,auto,high,1,1,,,
3/15/2022 10:51:24 PM,8210,6,auto,low,1,1,,,
3/15/2022 10:51:24 PM,8210,6,teleop,high,1,1,,,
3/15/2022 10:51:24 PM,5829,6,auto,low,1,1,,,
3/15/2022 10:51:24 PM,5829,6,teleop,high,1,3,,,
3/15/2022 10:51:24 PM,5829,6,teleop,high,1,3,,,
3/15/2022 10:51:24 PM,5829,6,teleop,high,1,3,,,
3/15/2022 10:51:24 PM,5829,6,teleop,low,1,2,,,
3/15/2022 10:51:24 PM,5829,6,teleop,low,1,2,,,
3/15/2022 10:51:24 PM,5427,6,auto,low,1,1,,,
3/15/2022 10:51:24 PM,5427,6,teleop,high,1,3,,,
3/15/2022 10:51:24 PM,5427,6,teleop,high,1,3,,,
3/15/2022 10:51:24 PM,5427,6,teleop,high,1,3,,,
3/15/2022 10:51:24 PM,5427,6,teleop,low,1,2,,,
3/15/2022 10:51:24 PM,5427,6,teleop,low,1,2,,,
3/15/2022 10:51:24 PM,5261,7,auto,low,1,1,,,
3/15/2022 10:51:24 PM,5261,7,teleop,high,1,3,,,
3/15/2022 10:51:24 PM,5261,7,teleop,high,1,3,,,
3/15/2022 10:51:24 PM,5261,7,teleop,high,1,3,,,
3/15/2022 10:51:24 PM,5261,7,teleop,low,1,2,,,
3/15/2022 10:51:24 PM,5261,7,teleop,low,1,2,,,
3/15/2022 10:51:24 PM,2882,7,auto,low,1,1,,,
3/15/2022 10:51:24 PM,2882,7,teleop,high,1,3,,,
3/15/2022 10:51:24 PM,2882,7,teleop,high,1,3,,,
3/15/2022 10:51:24 PM,2882,7,teleop,high,1,3,,,
3/15/2022 10:51:24 PM,2882,7,teleop,low,1,2,,,
3/15/2022 10:51:24 PM,2882,7,teleop,low,1,2,,,
3/15/2022 10:51:24 PM,324,7,auto,low,1,1,,,
3/15/2022 10:51:24 PM,324,7,teleop,high,1,3,,,
3/15/2022 10:51:24 PM,324,7,teleop,high,1,3,,,
3/15/2022 10:51:24 PM,324,7,teleop,high,1,3,,,
3/15/2022 10:51:24 PM,324,7,teleop,low,1,2,,,
3/15/2022 10:51:24 PM,324,7,teleop,low,1,2,,,
3/15/2022 10:51:24 PM,8515,7,auto,low,1,1,,,
3/15/2022 10:51:24 PM,8515,7,teleop,high,1,3,,,
3/15/2022 10:51:24 PM,8515,7,teleop,high,1,3,,,
3/15/2022 10:51:24 PM,8515,7,teleop,high,1,3,,,
3/15/2022 10:51:24 PM,8515,7,teleop,low,1,2,,,
3/15/2022 10:51:24 PM,8515,7,teleop,low,1,2,,,
3/15/2022 10:51:24 PM,5894,7,auto,low,1,1,,,
3/15/2022 10:51:24 PM,5894,7,teleop,high,1,3,,,
3/15/2022 10:51:24 PM,5894,7,teleop,high,1,3,,,
3/15/2022 10:51:24 PM,5894,7,teleop,high,1,3,,,
3/15/2022 10:51:24 PM,5894,7,teleop,low,1,2,,,
3/15/2022 10:51:24 PM,5894,7,teleop,low,1,2,,,
3/15/2022 10:51:24 PM,7616,7,auto,low,1,1,,,
3/15/2022 10:51:24 PM,7616,7,teleop,high,1,3,,,
3/15/2022 10:51:24 PM,7616,7,teleop,high,1,3,,,
3/15/2022 10:51:24 PM,7616,7,teleop,high,1,3,,,
3/15/2022 10:51:24 PM,7616,7,teleop,low,1,2,,,
3/15/2022 10:51:24 PM,7616,7,teleop,low,1,2,,,
3/15/2022 10:51:24 PM,1255,8,auto,low,1,1,,,
3/15/2022 10:51:24 PM,1255,8,teleop,high,1,3,,,
3/15/2022 10:51:24 PM,1255,8,teleop,high,1,3,,,
3/15/2022 10:51:24 PM,1255,8,teleop,high,1,3,,,
3/15/2022 10:51:24 PM,1255,8,teleop,low,1,2,,,
3/15/2022 10:51:24 PM,1255,8,teleop,low,1,2,,,
3/15/2022 10:51:24 PM,5892,8,auto,low,1,1,,,
3/15/2022 10:51:24 PM,5892,8,teleop,high,1,3,,,
3/15/2022 10:51:24 PM,5892,8,teleop,high,1,3,,,
3/15/2022 10:51:24 PM,5892,8,teleop,high,1,3,,,
3/15/2022 10:51:24 PM,5892,8,teleop,low,1,2,,,
3/15/2022 10:51:24 PM,5892,8,teleop,low,1,2,,,
3/15/2022 10:51:24 PM,8370,8,auto,low,1,1,,,
3/15/2022 10:51:24 PM,8370,8,teleop,high,1,3,,,
3/15/2022 10:51:24 PM,8370,8,teleop,high,1,3,,,
3/15/2022 10:51:24 PM,8370,8,teleop,high,1,3,,,
3/15/2022 10:51:24 PM,8370,8,teleop,low,1,2,,,
3/15/2022 10:51:24 PM,8370,8,teleop,low,1,2,,,
3/15/2022 10:51:24 PM,5682,8,auto,low,1,1,,,
3/15/2022 10:51:24 PM,5682,8,teleop,high,1,3,,,
3/15/2022 10:51:24 PM,5682,8,teleop,high,1,3,,,
3/15/2022 10:51:24 PM,5682,8,teleop,high,1,3,,,
3/15/2022 10:51:24 PM,5682,8,teleop,low,1,2,,,
3/15/2022 10:51:24 PM,5682,8,teleop,low,1,2,,,
3/15/2022 10:51:24 PM,4295,8,auto,low,1,1,,,
3/15/2022 10:51:24 PM,4295,8,teleop,high,1,3,,,
3/15/2022 10:51:24 PM,4295,8,teleop,high,1,3,,,
3/15/2022 10:51:24 PM,4295,8,teleop,high,1,3,,,
3/15/2022 10:51:24 PM,4295,8,teleop,low,1,2,,,
3/15/2022 10:51:24 PM,4295,8,teleop,low,1,2,,,
3/15/2022 10:51:24 PM,6645,8,auto,low,1,1,,,
3/15/2022 10:51:24 PM,6645,8,teleop,high,1,3,,,
3/15/2022 10:51:24 PM,6645,8,teleop,high,1,3,,,
3/15/2022 10:51:24 PM,6645,8,teleop,high,1,3,,,
3/15/2022 10:51:24 PM,6645,8,teleop,low,1,2,,,
3/15/2022 10:51:24 PM,6645,8,teleop,low,1,2,,,
3/15/2022 10:51:24 PM,3035,9,auto,high,1,1,,,
3/15/2022 10:51:24 PM,3035,9,teleop,high,1,5,,,
3/15/2022 10:51:24 PM,3035,9,teleop,high,1,5,,,
3/15/2022 10:51:24 PM,3035,9,teleop,high,1,5,,,
3/15/2022 10:51:24 PM,3035,9,teleop,high,1,5,,,
3/15/2022 10:51:24 PM,3035,9,teleop,high,1,5,,,
3/15/2022 10:51:24 PM,4639,9,auto,high,1,1,,,
3/15/2022 10:51:24 PM,4639,9,teleop,high,1,5,,,
3/15/2022 10:51:24 PM,4639,9,teleop,high,1,5,,,
3/15/2022 10:51:24 PM,4639,9,teleop,high,1,5,,,
3/15/2022 10:51:24 PM,4639,9,teleop,high,1,5,,,
3/15/2022 10:51:24 PM,4639,9,teleop,high,1,5,,,
3/15/2022 10:51:24 PM,4597,9,auto,high,1,1,,,
3/15/2022 10:51:24 PM,4597,9,teleop,high,1,5,,,
3/15/2022 10:51:24 PM,4597,9,teleop,high,1,5,,,
3/15/2022 10:51:24 PM,4597,9,teleop,high,1,5,,,
3/15/2022 10:51:24 PM,4597,9,teleop,high,1,5,,,
3/15/2022 10:51:24 PM,4597,9,teleop,high,1,5,,,
3/15/2022 10:51:24 PM,4332,9,auto,high,1,1,,,
3/15/2022 10:51:24 PM,4332,9,teleop,high,1,5,,,
3/15/2022 10:51:24 PM,4332,9,teleop,high,1,5,,,
3/15/2022 10:51:24 PM,4332,9,teleop,high,1,5,,,
3/15/2022 10:51:24 PM,4332,9,teleop,high,1,5,,,
3/15/2022 10:51:24 PM,4332,9,teleop,high,1,5,,,
3/15/2022 10:51:24 PM,8576,9,auto,high,1,1,,,
3/15/2022 10:51:24 PM,8576,9,teleop,high,1,5,,,
3/15/2022 10:51:24 PM,8576,9,teleop,high,1,5,,,
3/15/2022 10:51:24 PM,8576,9,teleop,high,1,5,,,
3/15/2022 10:51:24 PM,8576,9,teleop,high,1,5,,,
3/15/2022 10:51:24 PM,8576,9,teleop,high,1,5,,,
3/15/2022 10:51:24 PM,4587,9,auto,high,1,1,,,
3/15/2022 10:51:24 PM,4587,9,teleop,high,1,5,,,
3/15/2022 10:51:24 PM,4587,9,teleop,high,1,5,,,
3/15/2022 10:51:24 PM,4587,9,teleop,high,1,5,,,
3/15/2022 10:51:24 PM,4587,9,teleop,high,1,5,,,
3/15/2022 10:51:24 PM,4587,9,teleop,high,1,5,,,
3/15/2022 10:51:24 PM,7115,10,auto,high,1,1,,,
3/15/2022 10:51:24 PM,7115,10,teleop,high,1,5,,,
3/15/2022 10:51:24 PM,7115,10,teleop,high,1,5,,,
3/15/2022 10:51:24 PM,7115,10,teleop,high,1,5,,,
3/15/2022 10:51:24 PM,7115,10,teleop,high,1,5,,,
3/15/2022 10:51:24 PM,7115,10,teleop,high,1,5,,,
3/15/2022 10:51:24 PM,8177,10,auto,high,1,1,,,
3/15/2022 10:51:24 PM,8177,10,teleop,high,1,5,,,
3/15/2022 10:51:24 PM,8177,10,teleop,high,1,5,,,
3/15/2022 10:51:24 PM,8177,10,teleop,high,1,5,,,
3/15/2022 10:51:24 PM,8177,10,teleop,high,1,5,,,
3/15/2022 10:51:24 PM,8177,10,teleop,high,1,5,,,
3/15/2022 10:51:24 PM,231,10,auto,high,1,1,,,
3/15/2022 10:51:24 PM,231,10,teleop,high,1,5,,,
3/15/2022 10:51:24 PM,231,10,teleop,high,1,5,,,
3/15/2022 10:51:24 PM,231,10,teleop,high,1,5,,,
3/15/2022 10:51:24 PM,231,10,teleop,high,1,5,,,
3/15/2022 10:51:24 PM,231,10,teleop,high,1,5,,,
3/15/2022 10:51:24 PM,418,10,auto,high,1,1,,,
3/15/2022 10:51:24 PM,418,10,teleop,high,1,5,,,
3/15/2022 10:51:24 PM,418,10,teleop,high,1,5,,,
3/15/2022 10:51:24 PM,418,10,teleop,high,1,5,,,
3/15/2022 10:51:24 PM,418,10,teleop,high,1,5,,,
3/15/2022 10:51:24 PM,418,10,teleop,high,1,5,,,
3/15/2022 10:51:24 PM,7312,10,auto,high,1,1,,,
3/15/2022 10:51:24 PM,7312,10,teleop,high,1,5,,,
3/15/2022 10:51:24 PM,7312,10,teleop,high,1,5,,,
3/15/2022 10:51:24 PM,7312,10,teleop,high,1,5,,,
3/15/2022 10:51:24 PM,7312,10,teleop,high,1,5,,,
3/15/2022 10:51:24 PM,7312,10,teleop,high,1,5,,,
3/15/2022 10:51:24 PM,7492,10,auto,high,1,1,,,
3/15/2022 10:51:24 PM,7492,10,teleop,high,1,5,,,
3/15/2022 10:51:24 PM,7492,10,teleop,high,1,5,,,
3/15/2022 10:51:24 PM,7492,10,teleop,high,1,5,,,
3/15/2022 10:51:24 PM,7492,10,teleop,high,1,5,,,
3/15/2022 10:51:24 PM,7492,10,teleop,high,1,5,,,
3/15/2022 10:51:24 PM,8150,11,auto,low,1,1,,,
3/15/2022 10:51:24 PM,8150,11,teleop,low,1,5,,,
3/15/2022 10:51:24 PM,8150,11,teleop,low,1,5,,,
3/15/2022 10:51:24 PM,8150,11,teleop,low,1,5,,,
3/15/2022 10:51:24 PM,8150,11,teleop,low,1,5,,,
3/15/2022 10:51:24 PM,8150,11,teleop,low,1,5,,,
3/15/2022 10:51:24 PM,8210,11,auto,low,1,1,,,
3/15/2022 10:51:24 PM,8210,11,teleop,low,1,5,,,
3/15/2022 10:51:24 PM,8210,11,teleop,low,1,5,,,
3/15/2022 10:51:24 PM,8210,11,teleop,low,1,5,,,
3/15/2022 10:51:24 PM,8210,11,teleop,low,1,5,,,
3/15/2022 10:51:24 PM,8210,11,teleop,low,1,5,,,
3/15/2022 10:51:24 PM,8515,11,auto,low,1,1,,,
3/15/2022 10:51:24 PM,8515,11,teleop,low,1,5,,,
3/15/2022 10:51:24 PM,8515,11,teleop,low,1,5,,,
3/15/2022 10:51:24 PM,8515,11,teleop,low,1,5,,,
3/15/2022 10:51:24 PM,8515,11,teleop,low,1,5,,,
3/15/2022 10:51:24 PM,8515,11,teleop,low,1,5,,,
3/15/2022 10:51:24 PM,5414,11,auto,low,1,1,,,
3/15/2022 10:51:24 PM,5414,11,teleop,low,1,5,,,
3/15/2022 10:51:24 PM,5414,11,teleop,low,1,5,,,
3/15/2022 10:51:24 PM,5414,11,teleop,low,1,5,,,
3/15/2022 10:51:24 PM,5414,11,teleop,low,1,5,,,
3/15/2022 10:51:24 PM,5414,11,teleop,low,1,5,,,
3/15/2022 10:51:24 PM,5923,11,auto,low,1,1,,,
3/15/2022 10:51:24 PM,5923,11,teleop,low,1,5,,,
3/15/2022 10:51:24 PM,5923,11,teleop,low,1,5,,,
3/15/2022 10:51:24 PM,5923,11,teleop,low,1,5,,,
3/15/2022 10:51:24 PM,5923,11,teleop,low,1,5,,,
3/15/2022 10:51:24 PM,5923,11,teleop,low,1,5,,,
3/15/2022 10:51:24 PM,4295,11,auto,low,1,1,,,
3/15/2022 10:51:24 PM,4295,11,teleop,low,1,5,,,
3/15/2022 10:51:24 PM,4295,11,teleop,low,1,5,,,
3/15/2022 10:51:24 PM,4295,11,teleop,low,1,5,,,
3/15/2022 10:51:24 PM,4295,11,teleop,low,1,5,,,
3/15/2022 10:51:24 PM,4295,11,teleop,low,1,5,,,
3/15/2022 10:51:24 PM,118,12,auto,low,1,1,,,
3/15/2022 10:51:24 PM,118,12,teleop,low,1,5,,,
3/15/2022 10:51:24 PM,118,12,teleop,low,1,5,,,
3/15/2022 10:51:24 PM,118,12,teleop,low,1,5,,,
3/15/2022 10:51:24 PM,118,12,teleop,low,1,5,,,
3/15/2022 10:51:24 PM,118,12,teleop,low,1,5,,,
3/15/2022 10:51:24 PM,7616,12,auto,low,1,1,,,
3/15/2022 10:51:24 PM,7616,12,teleop,low,1,5,,,
3/15/2022 10:51:24 PM,7616,12,teleop,low,1,5,,,
3/15/2022 10:51:24 PM,7616,12,teleop,low,1,5,,,
3/15/2022 10:51:24 PM,7616,12,teleop,low,1,5,,,
3/15/2022 10:51:24 PM,7616,12,teleop,low,1,5,,,
3/15/2022 10:51:24 PM,324,12,auto,low,1,1,,,
3/15/2022 10:51:24 PM,324,12,teleop,low,1,5,,,
3/15/2022 10:51:24 PM,324,12,teleop,low,1,5,,,
3/15/2022 10:51:24 PM,324,12,teleop,low,1,5,,,
3/15/2022 10:51:24 PM,324,12,teleop,low,1,5,,,
3/15/2022 10:51:24 PM,324,12,teleop,low,1,5,,,
3/15/2022 10:51:24 PM,8576,12,auto,low,1,1,,,
3/15/2022 10:51:24 PM,8576,12,teleop,low,1,5,,,
3/15/2022 10:51:24 PM,8576,12,teleop,low,1,5,,,
3/15/2022 10:51:24 PM,8576,12,teleop,low,1,5,,,
3/15/2022 10:51:24 PM,8576,12,teleop,low,1,5,,,
3/15/2022 10:51:24 PM,8576,12,teleop,low,1,5,,,
3/15/2022 10:51:24 PM,7418,12,auto,low,1,1,,,
3/15/2022 10:51:24 PM,7418,12,teleop,low,1,5,,,
3/15/2022 10:51:24 PM,7418,12,teleop,low,1,5,,,
3/15/2022 10:51:24 PM,7418,12,teleop,low,1,5,,,
3/15/2022 10:51:24 PM,7418,12,teleop,low,1,5,,,
3/15/2022 10:51:24 PM,7418,12,teleop,low,1,5,,,
3/15/2022 10:51:24 PM,3035,12,auto,low,1,1,,,
3/15/2022 10:51:24 PM,3035,12,teleop,low,1,5,,,
3/15/2022 10:51:24 PM,3035,12,teleop,low,1,5,,,
3/15/2022 10:51:24 PM,3035,12,teleop,low,1,5,,,
3/15/2022 10:51:24 PM,3035,12,teleop,low,1,5,,,
3/15/2022 10:51:24 PM,3035,12,teleop,low,1,5,,,
3/15/2022 10:51:24 PM,8177,13,auto,high,1,1,,,
3/15/2022 10:51:24 PM,8177,13,teleop,high,1,2,,,
3/15/2022 10:51:24 PM,8177,13,teleop,high,1,2,,,
3/15/2022 10:51:24 PM,5829,13,auto,high,1,1,,,
3/15/2022 10:51:24 PM,5829,13,teleop,high,1,2,,,
3/15/2022 10:51:24 PM,5829,13,teleop,high,1,2,,,
3/15/2022 10:51:24 PM,418,13,auto,high,1,1,,,
3/15/2022 10:51:24 PM,418,13,teleop,high,1,2,,,
3/15/2022 10:51:24 PM,418,13,teleop,high,1,2,,,
3/15/2022 10:51:24 PM,4597,13,auto,high,1,1,,,
3/15/2022 10:51:24 PM,4597,13,teleop,high,1,2,,,
3/15/2022 10:51:24 PM,4597,13,teleop,high,1,2,,,
3/15/2022 10:51:24 PM,5427,13,auto,high,1,1,,,
3/15/2022 10:51:24 PM,5427,13,teleop,high,1,2,,,
3/15/2022 10:51:24 PM,5427,13,teleop,high,1,2,,,
3/15/2022 10:51:24 PM,7492,13,auto,high,1,1,,,
3/15/2022 10:51:24 PM,7492,13,teleop,high,1,2,,,
3/15/2022 10:51:24 PM,7492,13,teleop,high,1,2,,,
3/15/2022 10:51:24 PM,6645,14,auto,high,1,1,,,
3/15/2022 10:51:24 PM,6645,14,teleop,high,1,2,,,
3/15/2022 10:51:24 PM,6645,14,teleop,high,1,2,,,
3/15/2022 10:51:24 PM,4587,14,auto,high,1,1,,,
3/15/2022 10:51:24 PM,4587,14,teleop,high,1,2,,,
3/15/2022 10:51:24 PM,4587,14,teleop,high,1,2,,,
3/15/2022 10:51:24 PM,7115,14,auto,high,1,1,,,
3/15/2022 10:51:24 PM,7115,14,teleop,high,1,2,,,
3/15/2022 10:51:24 PM,7115,14,teleop,high,1,2,,,
3/15/2022 10:51:24 PM,2882,14,auto,high,1,1,,,
3/15/2022 10:51:24 PM,2882,14,teleop,high,1,2,,,
3/15/2022 10:51:24 PM,2882,14,teleop,high,1,2,,,
3/15/2022 10:51:24 PM,231,14,auto,high,1,1,,,
3/15/2022 10:51:24 PM,231,14,teleop,high,1,2,,,
3/15/2022 10:51:24 PM,231,14,teleop,high,1,2,,,
3/15/2022 10:51:24 PM,5414,14,auto,high,1,1,,,
3/15/2022 10:51:24 PM,5414,14,teleop,high,1,2,,,
3/15/2022 10:51:24 PM,5414,14,teleop,high,1,2,,,
3/15/2022 10:51:24 PM,5261,15,auto,high,1,1,,,
3/15/2022 10:51:24 PM,5261,15,teleop,high,1,2,,,
3/15/2022 10:51:24 PM,5261,15,teleop,high,1,2,,,
3/15/2022 10:51:24 PM,4332,15,auto,high,1,1,,,
3/15/2022 10:51:24 PM,4332,15,teleop,high,1,2,,,
3/15/2022 10:51:24 PM,4332,15,teleop,high,1,2,,,
3/15/2022 10:51:24 PM,7312,15,auto,high,1,1,,,
3/15/2022 10:51:24 PM,7312,15,teleop,high,1,2,,,
3/15/2022 10:51:24 PM,7312,15,teleop,high,1,2,,,
3/15/2022 10:51:24 PM,5682,15,auto,high,1,1,,,
3/15/2022 10:51:24 PM,5682,15,teleop,high,1,2,,,
3/15/2022 10:51:24 PM,5682,15,teleop,high,1,2,,,
3/15/2022 10:51:24 PM,8150,15,auto,high,1,1,,,
3/15/2022 10:51:24 PM,8150,15,teleop,high,1,2,,,
3/15/2022 10:51:24 PM,8150,15,teleop,high,1,2,,,
3/15/2022 10:51:24 PM,5892,15,auto,high,1,1,,,
3/15/2022 10:51:24 PM,5892,15,teleop,high,1,2,,,
3/15/2022 10:51:24 PM,5892,15,teleop,high,1,2,,,
3/15/2022 10:51:24 PM,5923,16,auto,high,1,1,,,
3/15/2022 10:51:24 PM,5923,16,teleop,high,1,2,,,
3/15/2022 10:51:24 PM,5923,16,teleop,high,1,2,,,
3/15/2022 10:51:24 PM,8370,16,auto,high,1,1,,,
3/15/2022 10:51:24 PM,8370,16,teleop,high,1,2,,,
3/15/2022 10:51:24 PM,8370,16,teleop,high,1,2,,,
3/15/2022 10:51:24 PM,8210,16,auto,high,1,1,,,
3/15/2022 10:51:24 PM,8210,16,teleop,high,1,2,,,
3/15/2022 10:51:24 PM,8210,16,teleop,high,1,2,,,
3/15/2022 10:51:24 PM,5894,16,auto,high,1,1,,,
3/15/2022 10:51:24 PM,5894,16,teleop,high,1,2,,,
3/15/2022 10:51:24 PM,5894,16,teleop,high,1,2,,,
3/15/2022 10:51:24 PM,1255,16,auto,high,1,1,,,
3/15/2022 10:51:24 PM,1255,16,teleop,high,1,2,,,
3/15/2022 10:51:24 PM,1255,16,teleop,high,1,2,,,
3/15/2022 10:51:24 PM,4639,16,auto,high,1,1,,,
3/15/2022 10:51:24 PM,4639,16,teleop,high,1,2,,,
3/15/2022 10:51:24 PM,4639,16,teleop,high,1,2,,,
3/15/2022 10:51:24 PM,5427,17,teleop,high,1,4,,,
3/15/2022 10:51:24 PM,5427,17,teleop,high,1,4,,,
3/15/2022 10:51:24 PM,5427,17,teleop,high,1,4,,,
3/15/2022 10:51:24 PM,5427,17,teleop,high,1,4,,,
3/15/2022 10:51:24 PM,7115,17,teleop,high,1,4,,,
3/15/2022 10:51:24 PM,7115,17,teleop,high,1,4,,,
3/15/2022 10:51:24 PM,7115,17,teleop,high,1,4,,,
3/15/2022 10:51:24 PM,7115,17,teleop,high,1,4,,,
3/15/2022 10:51:24 PM,7418,17,teleop,high,1,4,,,
3/15/2022 10:51:24 PM,7418,17,teleop,high,1,4,,,
3/15/2022 10:51:24 PM,7418,17,teleop,high,1,4,,,
3/15/2022 10:51:24 PM,7418,17,teleop,high,1,4,,,
3/15/2022 10:51:24 PM,3035,17,teleop,high,1,4,,,
3/15/2022 10:51:24 PM,3035,17,teleop,high,1,4,,,
3/15/2022 10:51:24 PM,3035,17,teleop,high,1,4,,,
3/15/2022 10:51:24 PM,3035,17,teleop,high,1,4,,,
3/15/2022 10:51:24 PM,4587,17,teleop,high,1,4,,,
3/15/2022 10:51:24 PM,4587,17,teleop,high,1,4,,,
3/15/2022 10:51:24 PM,4587,17,teleop,high,1,4,,,
3/15/2022 10:51:24 PM,4587,17,teleop,high,1,4,,,
3/15/2022 10:51:24 PM,418,17,teleop,high,1,4,,,
3/15/2022 10:51:24 PM,418,17,teleop,high,1,4,,,
3/15/2022 10:51:24 PM,418,17,teleop,high,1,4,,,
3/15/2022 10:51:24 PM,418,17,teleop,high,1,4,,,
3/15/2022 10:51:24 PM,4332,18,teleop,high,1,4,,,
3/15/2022 10:51:24 PM,4332,18,teleop,high,1,4,,,
3/15/2022 10:51:24 PM,4332,18,teleop,high,1,4,,,
3/15/2022 10:51:24 PM,4332,18,teleop,high,1,4,,,
3/15/2022 10:51:24 PM,4295,18,teleop,high,1,4,,,
3/15/2022 10:51:24 PM,4295,18,teleop,high,1,4,,,
3/15/2022 10:51:24 PM,4295,18,teleop,high,1,4,,,
3/15/2022 10:51:24 PM,4295,18,teleop,high,1,4,,,
3/15/2022 10:51:24 PM,118,18,teleop,high,1,4,,,
3/15/2022 10:51:24 PM,118,18,teleop,high,1,4,,,
3/15/2022 10:51:24 PM,118,18,teleop,high,1,4,,,
3/15/2022 10:51:24 PM,118,18,teleop,high,1,4,,,
3/15/2022 10:51:24 PM,7616,18,teleop,high,1,4,,,
3/15/2022 10:51:24 PM,7616,18,teleop,high,1,4,,,
3/15/2022 10:51:24 PM,7616,18,teleop,high,1,4,,,
3/15/2022 10:51:24 PM,7616,18,teleop,high,1,4,,,
3/15/2022 10:51:24 PM,5682,18,teleop,high,1,4,,,
3/15/2022 10:51:24 PM,5682,18,teleop,high,1,4,,,
3/15/2022 10:51:24 PM,5682,18,teleop,high,1,4,,,
3/15/2022 10:51:24 PM,5682,18,teleop,high,1,4,,,
3/15/2022 10:51:24 PM,4597,18,teleop,high,1,4,,,
3/15/2022 10:51:24 PM,4597,18,teleop,high,1,4,,,
3/15/2022 10:51:24 PM,4597,18,teleop,high,1,4,,,
3/15/2022 10:51:24 PM,4597,18,teleop,high,1,4,,,
3/15/2022 10:51:24 PM,5894,19,teleop,high,1,4,,,
3/15/2022 10:51:24 PM,5894,19,teleop,high,1,4,,,
3/15/2022 10:51:24 PM,5894,19,teleop,high,1,4,,,
3/15/2022 10:51:24 PM,5894,19,teleop,high,1,4,,,
3/15/2022 10:51:24 PM,7492,19,teleop,high,1,4,,,
3/15/2022 10:51:24 PM,7492,19,teleop,high,1,4,,,
3/15/2022 10:51:24 PM,7492,19,teleop,high,1,4,,,
3/15/2022 10:51:24 PM,7492,19,teleop,high,1,4,,,
3/15/2022 10:51:24 PM,5261,19,teleop,high,1,4,,,
3/15/2022 10:51:24 PM,5261,19,teleop,high,1,4,,,
3/15/2022 10:51:24 PM,5261,19,teleop,high,1,4,,,
3/15/2022 10:51:24 PM,5261,19,teleop,high,1,4,,,
3/15/2022 10:51:24 PM,7312,19,teleop,high,1,4,,,
3/15/2022 10:51:24 PM,7312,19,teleop,high,1,4,,,
3/15/2022 10:51:24 PM,7312,19,teleop,high,1,4,,,
3/15/2022 10:51:24 PM,7312,19,teleop,high,1,4,,,
3/15/2022 10:51:24 PM,8370,19,teleop,high,1,8,,,
3/15/2022 10:51:24 PM,8370,19,teleop,high,1,8,,,
3/15/2022 10:51:24 PM,8370,19,teleop,high,1,8,,,
3/15/2022 10:51:24 PM,8370,19,teleop,high,1,8,,,
3/15/2022 10:51:24 PM,8370,19,teleop,high,1,8,,,
3/15/2022 10:51:24 PM,8370,19,teleop,high,1,8,,,
3/15/2022 10:51:24 PM,8370,19,teleop,high,1,8,,,
3/15/2022 10:51:24 PM,8370,19,teleop,high,1,8,,,
3/15/2022 10:51:24 PM,8370,19,teleop,low,1,1,,,
3/15/2022 10:51:24 PM,8150,19,teleop,high,1,8,,,
3/15/2022 10:51:24 PM,8150,19,teleop,high,1,8,,,
3/15/2022 10:51:24 PM,8150,19,teleop,high,1,8,,,
3/15/2022 10:51:24 PM,8150,19,teleop,high,1,8,,,
3/15/2022 10:51:24 PM,8150,19,teleop,high,1,8,,,
3/15/2022 10:51:24 PM,8150,19,teleop,high,1,8,,,
3/15/2022 10:51:24 PM,8150,19,teleop,high,1,8,,,
3/15/2022 10:51:24 PM,8150,19,teleop,high,1,8,,,
3/15/2022 10:51:24 PM,8150,19,teleop,low,1,1,,,
3/15/2022 10:51:24 PM,4639,20,teleop,high,1,8,,,
3/15/2022 10:51:24 PM,4639,20,teleop,high,1,8,,,
3/15/2022 10:51:24 PM,4639,20,teleop,high,1,8,,,
3/15/2022 10:51:24 PM,4639,20,teleop,high,1,8,,,
3/15/2022 10:51:24 PM,4639,20,teleop,high,1,8,,,
3/15/2022 10:51:24 PM,4639,20,teleop,high,1,8,,,
3/15/2022 10:51:24 PM,4639,20,teleop,high,1,8,,,
3/15/2022 10:51:24 PM,4639,20,teleop,high,1,8,,,
3/15/2022 10:51:24 PM,4639,20,teleop,low,1,1,,,
3/15/2022 10:51:24 PM,8210,20,teleop,high,1,8,,,
3/15/2022 10:51:24 PM,8210,20,teleop,high,1,8,,,
3/15/2022 10:51:24 PM,8210,20,teleop,high,1,8,,,
3/15/2022 10:51:24 PM,8210,20,teleop,high,1,8,,,
3/15/2022 10:51:24 PM,8210,20,teleop,high,1,8,,,
3/15/2022 10:51:24 PM,8210,20,teleop,high,1,8,,,
3/15/2022 10:51:24 PM,8210,20,teleop,high,1,8,,,
3/15/2022 10:51:24 PM,8210,20,teleop,high,1,8,,,
3/15/2022 10:51:24 PM,8210,20,teleop,low,1,1,,,
3/15/2022 10:51:24 PM,5414,20,teleop,high,1,8,,,
3/15/2022 10:51:24 PM,5414,20,teleop,high,1,8,,,
3/15/2022 10:51:24 PM,5414,20,teleop,high,1,8,,,
3/15/2022 10:51:24 PM,5414,20,teleop,high,1,8,,,
3/15/2022 10:51:24 PM,5414,20,teleop,high,1,8,,,
3/15/2022 10:51:24 PM,5414,20,teleop,high,1,8,,,
3/15/2022 10:51:24 PM,5414,20,teleop,high,1,8,,,
3/15/2022 10:51:24 PM,5414,20,teleop,high,1,8,,,
3/15/2022 10:51:24 PM,5414,20,teleop,low,1,1,,,
3/15/2022 10:51:24 PM,6645,20,teleop,high,1,8,,,
3/15/2022 10:51:24 PM,6645,20,teleop,high,1,8,,,
3/15/2022 10:51:24 PM,6645,20,teleop,high,1,8,,,
3/15/2022 10:51:24 PM,6645,20,teleop,high,1,8,,,
3/15/2022 10:51:24 PM,6645,20,teleop,high,1,8,,,
3/15/2022 10:51:24 PM,6645,20,teleop,high,1,8,,,
3/15/2022 10:51:24 PM,6645,20,teleop,high,1,8,,,
3/15/2022 10:51:24 PM,6645,20,teleop,high,1,8,,,
3/15/2022 10:51:24 PM,6645,20,teleop,low,1,1,,,
3/15/2022 10:51:24 PM,8515,20,teleop,high,1,8,,,
3/15/2022 10:51:24 PM,8515,20,teleop,high,1,8,,,
3/15/2022 10:51:24 PM,8515,20,teleop,high,1,8,,,
3/15/2022 10:51:24 PM,8515,20,teleop,high,1,8,,,
3/15/2022 10:51:24 PM,8515,20,teleop,high,1,8,,,
3/15/2022 10:51:24 PM,8515,20,teleop,high,1,8,,,
3/15/2022 10:51:24 PM,8515,20,teleop,high,1,8,,,
3/15/2022 10:51:24 PM,8515,20,teleop,high,1,8,,,
3/15/2022 10:51:24 PM,8515,20,teleop,low,1,1,,,
3/15/2022 10:51:24 PM,8177,20,teleop,high,1,8,,,
3/15/2022 10:51:24 PM,8177,20,teleop,high,1,8,,,
3/15/2022 10:51:24 PM,8177,20,teleop,high,1,8,,,
3/15/2022 10:51:24 PM,8177,20,teleop,high,1,8,,,
3/15/2022 10:51:24 PM,8177,20,teleop,high,1,8,,,
3/15/2022 10:51:24 PM,8177,20,teleop,high,1,8,,,
3/15/2022 10:51:24 PM,8177,20,teleop,high,1,8,,,
3/15/2022 10:51:24 PM,8177,20,teleop,high,1,8,,,
3/15/2022 10:51:24 PM,8177,20,teleop,low,1,1,,,
3/15/2022 10:51:24 PM,8576,21,teleop,low,1,9,,,
3/15/2022 10:51:24 PM,8576,21,teleop,low,1,9,,,
3/15/2022 10:51:24 PM,8576,21,teleop,low,1,9,,,
3/15/2022 10:51:24 PM,8576,21,teleop,low,1,9,,,
3/15/2022 10:51:24 PM,8576,21,teleop,low,1,9,,,
3/15/2022 10:51:24 PM,8576,21,teleop,low,1,9,,,
3/15/2022 10:51:24 PM,8576,21,teleop,low,1,9,,,
3/15/2022 10:51:24 PM,8576,21,teleop,low,1,9,,,
3/15/2022 10:51:24 PM,8576,21,teleop,low,1,9,,,
3/15/2022 10:51:24 PM,231,21,teleop,low,1,9,,,
3/15/2022 10:51:24 PM,231,21,teleop,low,1,9,,,
3/15/2022 10:51:24 PM,231,21,teleop,low,1,9,,,
3/15/2022 10:51:24 PM,231,21,teleop,low,1,9,,,
3/15/2022 10:51:24 PM,231,21,teleop,low,1,9,,,
3/15/2022 10:51:24 PM,231,21,teleop,low,1,9,,,
3/15/2022 10:51:24 PM,231,21,teleop,low,1,9,,,
3/15/2022 10:51:24 PM,231,21,teleop,low,1,9,,,
3/15/2022 10:51:24 PM,231,21,teleop,low,1,9,,,
3/15/2022 10:51:24 PM,5892,21,teleop,low,1,9,,,
3/15/2022 10:51:24 PM,5892,21,teleop,low,1,9,,,
3/15/2022 10:51:24 PM,5892,21,teleop,low,1,9,,,
3/15/2022 10:51:24 PM,5892,21,teleop,low,1,9,,,
3/15/2022 10:51:24 PM,5892,21,teleop,low,1,9,,,
3/15/2022 10:51:24 PM,5892,21,teleop,low,1,9,,,
3/15/2022 10:51:24 PM,5892,21,teleop,low,1,9,,,
3/15/2022 10:51:24 PM,5892,21,teleop,low,1,9,,,
3/15/2022 10:51:24 PM,5892,21,teleop,low,1,9,,,
3/15/2022 10:51:24 PM,324,21,teleop,low,1,9,,,
3/15/2022 10:51:24 PM,324,21,teleop,low,1,9,,,
3/15/2022 10:51:24 PM,324,21,teleop,low,1,9,,,
3/15/2022 10:51:24 PM,324,21,teleop,low,1,9,,,
3/15/2022 10:51:24 PM,324,21,teleop,low,1,9,,,
3/15/2022 10:51:24 PM,324,21,teleop,low,1,9,,,
3/15/2022 10:51:24 PM,324,21,teleop,low,1,9,,,
3/15/2022 10:51:24 PM,324,21,teleop,low,1,9,,,
3/15/2022 10:51:24 PM,324,21,teleop,low,1,9,,,
3/15/2022 10:51:24 PM,5923,21,teleop,low,1,9,,,
3/15/2022 10:51:24 PM,5923,21,teleop,low,1,9,,,
3/15/2022 10:51:24 PM,5923,21,teleop,low,1,9,,,
3/15/2022 10:51:24 PM,5923,21,teleop,low,1,9,,,
3/15/2022 10:51:24 PM,5923,21,teleop,low,1,9,,,
3/15/2022 10:51:24 PM,5923,21,teleop,low,1,9,,,
3/15/2022 10:51:24 PM,5923,21,teleop,low,1,9,,,
3/15/2022 10:51:24 PM,5923,21,teleop,low,1,9,,,
3/15/2022 10:51:24 PM,5923,21,teleop,low,1,9,,,
3/15/2022 10:51:24 PM,5829,21,teleop,low,1,9,,,
3/15/2022 10:51:24 PM,5829,21,teleop,low,1,9,,,
3/15/2022 10:51:24 PM,5829,21,teleop,low,1,9,,,
3/15/2022 10:51:24 PM,5829,21,teleop,low,1,9,,,
3/15/2022 10:51:24 PM,5829,21,teleop,low,1,9,,,
3/15/2022 10:51:24 PM,5829,21,teleop,low,1,9,,,
3/15/2022 10:51:24 PM,5829,21,teleop,low,1,9,,,
3/15/2022 10:51:24 PM,5829,21,teleop,low,1,9,,,
3/15/2022 10:51:24 PM,5829,21,teleop,low,1,9,,,
3/15/2022 10:51:24 PM,2882,22,teleop,low,1,9,,,
3/15/2022 10:51:24 PM,2882,22,teleop,low,1,9,,,
3/15/2022 10:51:24 PM,2882,22,teleop,low,1,9,,,
3/15/2022 10:51:24 PM,2882,22,teleop,low,1,9,,,
3/15/2022 10:51:24 PM,2882,22,teleop,low,1,9,,,
3/15/2022 10:51:24 PM,2882,22,teleop,low,1,9,,,
3/15/2022 10:51:24 PM,2882,22,teleop,low,1,9,,,
3/15/2022 10:51:24 PM,2882,22,teleop,low,1,9,,,
3/15/2022 10:51:24 PM,2882,22,teleop,low,1,9,,,
3/15/2022 10:51:24 PM,7492,22,teleop,low,1,9,,,
3/15/2022 10:51:24 PM,7492,22,teleop,low,1,9,,,
3/15/2022 10:51:24 PM,7492,22,teleop,low,1,9,,,
3/15/2022 10:51:24 PM,7492,22,teleop,low,1,9,,,
3/15/2022 10:51:24 PM,7492,22,teleop,low,1,9,,,
3/15/2022 10:51:24 PM,7492,22,teleop,low,1,9,,,
3/15/2022 10:51:24 PM,7492,22,teleop,low,1,9,,,
3/15/2022 10:51:24 PM,7492,22,teleop,low,1,9,,,
3/15/2022 10:51:24 PM,7492,22,teleop,low,1,9,,,
3/15/2022 10:51:24 PM,7418,22,auto,low,1,1,,,
3/15/2022 10:51:24 PM,7418,22,teleop,high,1,5,,,
3/15/2022 10:51:24 PM,7418,22,teleop,high,1,5,,,
3/15/2022 10:51:24 PM,7418,22,teleop,high,1,5,,,
3/15/2022 10:51:24 PM,7418,22,teleop,high,1,5,,,
3/15/2022 10:51:24 PM,7418,22,teleop,high,1,5,,,
3/15/2022 10:51:24 PM,1255,22,auto,low,1,1,,,
3/15/2022 10:51:24 PM,1255,22,teleop,high,1,5,,,
3/15/2022 10:51:24 PM,1255,22,teleop,high,1,5,,,
3/15/2022 10:51:24 PM,1255,22,teleop,high,1,5,,,
3/15/2022 10:51:24 PM,1255,22,teleop,high,1,5,,,
3/15/2022 10:51:24 PM,1255,22,teleop,high,1,5,,,
3/15/2022 10:51:24 PM,4597,22,auto,low,1,1,,,
3/15/2022 10:51:24 PM,4597,22,teleop,high,1,5,,,
3/15/2022 10:51:24 PM,4597,22,teleop,high,1,5,,,
3/15/2022 10:51:24 PM,4597,22,teleop,high,1,5,,,
3/15/2022 10:51:24 PM,4597,22,teleop,high,1,5,,,
3/15/2022 10:51:24 PM,4597,22,teleop,high,1,5,,,
3/15/2022 10:51:24 PM,118,22,auto,low,1,1,,,
3/15/2022 10:51:24 PM,118,22,teleop,high,1,5,,,
3/15/2022 10:51:24 PM,118,22,teleop,high,1,5,,,
3/15/2022 10:51:24 PM,118,22,teleop,high,1,5,,,
3/15/2022 10:51:24 PM,118,22,teleop,high,1,5,,,
3/15/2022 10:51:24 PM,118,22,teleop,high,1,5,,,
3/15/2022 10:51:24 PM,8177,23,auto,low,1,1,,,
3/15/2022 10:51:24 PM,8177,23,teleop,high,1,5,,,
3/15/2022 10:51:24 PM,8177,23,teleop,high,1,5,,,
3/15/2022 10:51:24 PM,8177,23,teleop,high,1,5,,,
3/15/2022 10:51:24 PM,8177,23,teleop,high,1,5,,,
3/15/2022 10:51:24 PM,8177,23,teleop,high,1,5,,,
3/15/2022 10:51:24 PM,5894,23,auto,low,1,1,,,
3/15/2022 10:51:24 PM,5894,23,teleop,high,1,5,,,
3/15/2022 10:51:24 PM,5894,23,teleop,high,1,5,,,
3/15/2022 10:51:24 PM,5894,23,teleop,high,1,5,,,
3/15/2022 10:51:24 PM,5894,23,teleop,high,1,5,,,
3/15/2022 10:51:24 PM,5894,23,teleop,high,1,5,,,
3/15/2022 10:51:24 PM,5682,23,auto,low,1,1,,,
3/15/2022 10:51:24 PM,5682,23,teleop,high,1,5,,,
3/15/2022 10:51:24 PM,5682,23,teleop,high,1,5,,,
3/15/2022 10:51:24 PM,5682,23,teleop,high,1,5,,,
3/15/2022 10:51:24 PM,5682,23,teleop,high,1,5,,,
3/15/2022 10:51:24 PM,5682,23,teleop,high,1,5,,,
3/15/2022 10:51:24 PM,8370,23,auto,low,1,1,,,
3/15/2022 10:51:24 PM,8370,23,teleop,high,1,5,,,
3/15/2022 10:51:24 PM,8370,23,teleop,high,1,5,,,
3/15/2022 10:51:24 PM,8370,23,teleop,high,1,5,,,
3/15/2022 10:51:24 PM,8370,23,teleop,high,1,5,,,
3/15/2022 10:51:24 PM,8370,23,teleop,high,1,5,,,
3/15/2022 10:51:24 PM,6645,23,auto,low,1,1,,,
3/15/2022 10:51:24 PM,6645,23,teleop,high,1,5,,,
3/15/2022 10:51:24 PM,6645,23,teleop,high,1,5,,,
3/15/2022 10:51:24 PM,6645,23,teleop,high,1,5,,,
3/15/2022 10:51:24 PM,6645,23,teleop,high,1,5,,,
3/15/2022 10:51:24 PM,6645,23,teleop,high,1,5,,,
3/15/2022 10:51:24 PM,7616,23,auto,high,1,1,,,
3/15/2022 10:51:24 PM,7616,23,teleop,high,1,7,,,
3/15/2022 10:51:24 PM,7616,23,teleop,high,1,7,,,
3/15/2022 10:51:24 PM,7616,23,teleop,high,1,7,,,
3/15/2022 10:51:24 PM,7616,23,teleop,high,1,7,,,
3/15/2022 10:51:24 PM,7616,23,teleop,high,1,7,,,
3/15/2022 10:51:24 PM,7616,23,teleop,high,1,7,,,
3/15/2022 10:51:24 PM,7616,23,teleop,high,1,7,,,
3/15/2022 10:51:24 PM,8150,24,auto,high,1,1,,,
3/15/2022 10:51:24 PM,8150,24,teleop,high,1,7,,,
3/15/2022 10:51:24 PM,8150,24,teleop,high,1,7,,,
3/15/2022 10:51:24 PM,8150,24,teleop,high,1,7,,,
3/15/2022 10:51:24 PM,8150,24,teleop,high,1,7,,,
3/15/2022 10:51:24 PM,8150,24,teleop,high,1,7,,,
3/15/2022 10:51:24 PM,8150,24,teleop,high,1,7,,,
3/15/2022 10:51:24 PM,8150,24,teleop,high,1,7,,,
3/15/2022 10:51:24 PM,5427,24,auto,high,1,1,,,
3/15/2022 10:51:24 PM,5427,24,teleop,high,1,7,,,
3/15/2022 10:51:24 PM,5427,24,teleop,high,1,7,,,
3/15/2022 10:51:24 PM,5427,24,teleop,high,1,7,,,
3/15/2022 10:51:24 PM,5427,24,teleop,high,1,7,,,
3/15/2022 10:51:24 PM,5427,24,teleop,high,1,7,,,
3/15/2022 10:51:24 PM,5427,24,teleop,high,1,7,,,
3/15/2022 10:51:24 PM,5427,24,teleop,high,1,7,,,
3/15/2022 10:51:24 PM,5923,24,auto,high,1,1,,,
3/15/2022 10:51:24 PM,5923,24,teleop,high,1,7,,,
3/15/2022 10:51:24 PM,5923,24,teleop,high,1,7,,,
3/15/2022 10:51:24 PM,5923,24,teleop,high,1,7,,,
3/15/2022 10:51:24 PM,5923,24,teleop,high,1,7,,,
3/15/2022 10:51:24 PM,5923,24,teleop,high,1,7,,,
3/15/2022 10:51:24 PM,5923,24,teleop,high,1,7,,,
3/15/2022 10:51:24 PM,5923,24,teleop,high,1,7,,,
3/15/2022 10:51:24 PM,3035,24,auto,high,1,1,,,
3/15/2022 10:51:24 PM,3035,24,teleop,high,1,7,,,
3/15/2022 10:51:24 PM,3035,24,teleop,high,1,7,,,
3/15/2022 10:51:24 PM,3035,24,teleop,high,1,7,,,
3/15/2022 10:51:24 PM,3035,24,teleop,high,1,7,,,
3/15/2022 10:51:24 PM,3035,24,teleop,high,1,7,,,
3/15/2022 10:51:24 PM,3035,24,teleop,high,1,7,,,
3/15/2022 10:51:24 PM,3035,24,teleop,high,1,7,,,
3/15/2022 10:51:24 PM,324,24,auto,high,1,1,,,
3/15/2022 10:51:24 PM,324,24,teleop,high,1,7,,,
3/15/2022 10:51:24 PM,324,24,teleop,high,1,7,,,
3/15/2022 10:51:24 PM,324,24,teleop,high,1,7,,,
3/15/2022 10:51:24 PM,324,24,teleop,high,1,7,,,
3/15/2022 10:51:24 PM,324,24,teleop,high,1,7,,,
3/15/2022 10:51:24 PM,324,24,teleop,high,1,7,,,
3/15/2022 10:51:24 PM,324,24,teleop,high,1,7,,,
3/15/2022 10:51:24 PM,7115,24,auto,high,1,1,,,
3/15/2022 10:51:24 PM,7115,24,teleop,high,1,7,,,
3/15/2022 10:51:24 PM,7115,24,teleop,high,1,7,,,
3/15/2022 10:51:24 PM,7115,24,teleop,high,1,7,,,
3/15/2022 10:51:24 PM,7115,24,teleop,high,1,7,,,
3/15/2022 10:51:24 PM,7115,24,teleop,high,1,7,,,
3/15/2022 10:51:24 PM,7115,24,teleop,high,1,7,,,
3/15/2022 10:51:24 PM,7115,24,teleop,high,1,7,,,
3/15/2022 10:51:24 PM,5414,25,auto,high,1,1,,,
3/15/2022 10:51:24 PM,5414,25,teleop,high,1,7,,,
3/15/2022 10:51:24 PM,5414,25,teleop,high,1,7,,,
3/15/2022 10:51:24 PM,5414,25,teleop,high,1,7,,,
3/15/2022 10:51:24 PM,5414,25,teleop,high,1,7,,,
3/15/2022 10:51:24 PM,5414,25,teleop,high,1,7,,,
3/15/2022 10:51:24 PM,5414,25,teleop,high,1,7,,,
3/15/2022 10:51:24 PM,5414,25,teleop,high,1,7,,,
3/15/2022 10:51:24 PM,1255,25,auto,high,1,1,,,
3/15/2022 10:51:24 PM,1255,25,auto,low,1,1,,,
3/15/2022 10:51:24 PM,1255,25,teleop,high,1,9,,,
3/15/2022 10:51:24 PM,1255,25,teleop,high,1,9,,,
3/15/2022 10:51:24 PM,1255,25,teleop,high,1,9,,,
3/15/2022 10:51:24 PM,1255,25,teleop,high,1,9,,,
3/15/2022 10:51:24 PM,1255,25,teleop,high,1,9,,,
3/15/2022 10:51:24 PM,1255,25,teleop,high,1,9,,,
3/15/2022 10:51:24 PM,1255,25,teleop,high,1,9,,,
3/15/2022 10:51:24 PM,1255,25,teleop,high,1,9,,,
3/15/2022 10:51:24 PM,1255,25,teleop,high,1,9,,,
3/15/2022 10:51:24 PM,4332,25,auto,high,1,1,,,
3/15/2022 10:51:24 PM,4332,25,auto,low,1,1,,,
3/15/2022 10:51:24 PM,4332,25,teleop,high,1,9,,,
3/15/2022 10:51:24 PM,4332,25,teleop,high,1,9,,,
3/15/2022 10:51:24 PM,4332,25,teleop,high,1,9,,,
3/15/2022 10:51:24 PM,4332,25,teleop,high,1,9,,,
3/15/2022 10:51:24 PM,4332,25,teleop,high,1,9,,,
3/15/2022 10:51:24 PM,4332,25,teleop,high,1,9,,,
3/15/2022 10:51:24 PM,4332,25,teleop,high,1,9,,,
3/15/2022 10:51:24 PM,4332,25,teleop,high,1,9,,,
3/15/2022 10:51:24 PM,4332,25,teleop,high,1,9,,,
3/15/2022 10:51:24 PM,231,25,auto,high,1,1,,,
3/15/2022 10:51:24 PM,231,25,auto,low,1,1,,,
3/15/2022 10:51:24 PM,231,25,teleop,high,1,9,,,
3/15/2022 10:51:24 PM,231,25,teleop,high,1,9,,,
3/15/2022 10:51:24 PM,231,25,teleop,high,1,9,,,
3/15/2022 10:51:24 PM,231,25,teleop,high,1,9,,,
3/15/2022 10:51:24 PM,231,25,teleop,high,1,9,,,
3/15/2022 10:51:24 PM,231,25,teleop,high,1,9,,,
3/15/2022 10:51:24 PM,231,25,teleop,high,1,9,,,
3/15/2022 10:51:24 PM,231,25,teleop,high,1,9,,,
3/15/2022 10:51:24 PM,231,25,teleop,high,1,9,,,
3/15/2022 10:51:24 PM,7312,25,auto,high,1,1,,,
3/15/2022 10:51:24 PM,7312,25,auto,low,1,1,,,
3/15/2022 10:51:24 PM,7312,25,teleop,high,1,9,,,
3/15/2022 10:51:24 PM,7312,25,teleop,high,1,9,,,
3/15/2022 10:51:24 PM,7312,25,teleop,high,1,9,,,
3/15/2022 10:51:24 PM,7312,25,teleop,high,1,9,,,
3/15/2022 10:51:24 PM,7312,25,teleop,high,1,9,,,
3/15/2022 10:51:24 PM,7312,25,teleop,high,1,9,,,
3/15/2022 10:51:24 PM,7312,25,teleop,high,1,9,,,
3/15/2022 10:51:24 PM,7312,25,teleop,high,1,9,,,
3/15/2022 10:51:24 PM,7312,25,teleop,high,1,9,,,
3/15/2022 10:51:24 PM,8210,25,auto,high,1,1,,,
3/15/2022 10:51:24 PM,8210,25,auto,low,1,1,,,
3/15/2022 10:51:24 PM,8210,25,teleop,high,1,9,,,
3/15/2022 10:51:24 PM,8210,25,teleop,high,1,9,,,
3/15/2022 10:51:24 PM,8210,25,teleop,high,1,9,,,
3/15/2022 10:51:24 PM,8210,25,teleop,high,1,9,,,
3/15/2022 10:51:24 PM,8210,25,teleop,high,1,9,,,
3/15/2022 10:51:24 PM,8210,25,teleop,high,1,9,,,
3/15/2022 10:51:24 PM,8210,25,teleop,high,1,9,,,
3/15/2022 10:51:24 PM,8210,25,teleop,high,1,9,,,
3/15/2022 10:51:24 PM,8210,25,teleop,high,1,9,,,
3/15/2022 10:51:24 PM,418,26,auto,high,1,1,,,
3/15/2022 10:51:24 PM,418,26,auto,low,1,1,,,
3/15/2022 10:51:24 PM,418,26,teleop,high,1,9,,,
3/15/2022 10:51:24 PM,418,26,teleop,high,1,9,,,
3/15/2022 10:51:24 PM,418,26,teleop,high,1,9,,,
3/15/2022 10:51:24 PM,418,26,teleop,high,1,9,,,
3/15/2022 10:51:24 PM,418,26,teleop,high,1,9,,,
3/15/2022 10:51:24 PM,418,26,teleop,high,1,9,,,
3/15/2022 10:51:24 PM,418,26,teleop,high,1,9,,,
3/15/2022 10:51:24 PM,418,26,teleop,high,1,9,,,
3/15/2022 10:51:24 PM,418,26,teleop,high,1,9,,,
3/15/2022 10:51:24 PM,2882,26,auto,high,1,1,,,
3/15/2022 10:51:24 PM,2882,26,teleop,high,1,4,,,
3/15/2022 10:51:24 PM,2882,26,teleop,high,1,4,,,
3/15/2022 10:51:24 PM,2882,26,teleop,high,1,4,,,
3/15/2022 10:51:24 PM,2882,26,teleop,high,1,4,,,
3/15/2022 10:51:24 PM,8576,26,auto,high,1,1,,,
3/15/2022 10:51:24 PM,8576,26,teleop,high,1,4,,,
3/15/2022 10:51:24 PM,8576,26,teleop,high,1,4,,,
3/15/2022 10:51:24 PM,8576,26,teleop,high,1,4,,,
3/15/2022 10:51:24 PM,8576,26,teleop,high,1,4,,,
3/15/2022 10:51:24 PM,8515,26,auto,high,1,1,,,
3/15/2022 10:51:24 PM,8515,26,teleop,high,1,4,,,
3/15/2022 10:51:24 PM,8515,26,teleop,high,1,4,,,
3/15/2022 10:51:24 PM,8515,26,teleop,high,1,4,,,
3/15/2022 10:51:24 PM,8515,26,teleop,high,1,4,,,
3/15/2022 10:51:24 PM,5892,26,auto,high,1,1,,,
3/15/2022 10:51:24 PM,5892,26,teleop,high,1,4,,,
3/15/2022 10:51:24 PM,5892,26,teleop,high,1,4,,,
3/15/2022 10:51:24 PM,5892,26,teleop,high,1,4,,,
3/15/2022 10:51:24 PM,5892,26,teleop,high,1,4,,,
3/15/2022 10:51:24 PM,4295,26,auto,high,1,1,,,
3/15/2022 10:51:24 PM,4295,26,teleop,high,1,4,,,
3/15/2022 10:51:24 PM,4295,26,teleop,high,1,4,,,
3/15/2022 10:51:24 PM,4295,26,teleop,high,1,4,,,
3/15/2022 10:51:24 PM,4295,26,teleop,high,1,4,,,
3/15/2022 10:51:24 PM,4587,27,auto,high,1,1,,,
3/15/2022 10:51:24 PM,4587,27,teleop,high,1,4,,,
3/15/2022 10:51:24 PM,4587,27,teleop,high,1,4,,,
3/15/2022 10:51:24 PM,4587,27,teleop,high,1,4,,,
3/15/2022 10:51:24 PM,4587,27,teleop,high,1,4,,,
3/15/2022 10:51:24 PM,5829,27,auto,high,1,1,,,
3/15/2022 10:51:24 PM,5829,27,teleop,high,1,4,,,
3/15/2022 10:51:24 PM,5829,27,teleop,high,1,4,,,
3/15/2022 10:51:24 PM,5829,27,teleop,high,1,4,,,
3/15/2022 10:51:24 PM,5829,27,teleop,high,1,4,,,
3/15/2022 10:51:24 PM,7492,27,auto,high,1,1,,,
3/15/2022 10:51:24 PM,7492,27,teleop,high,1,4,,,
3/15/2022 10:51:24 PM,7492,27,teleop,high,1,4,,,
3/15/2022 10:51:24 PM,7492,27,teleop,high,1,4,,,
3/15/2022 10:51:24 PM,7492,27,teleop,high,1,4,,,
3/15/2022 10:51:24 PM,4639,27,auto,high,1,1,,,
3/15/2022 10:51:24 PM,4639,27,teleop,high,1,4,,,
3/15/2022 10:51:24 PM,4639,27,teleop,high,1,4,,,
3/15/2022 10:51:24 PM,4639,27,teleop,high,1,4,,,
3/15/2022 10:51:24 PM,4639,27,teleop,high,1,4,,,
3/15/2022 10:51:24 PM,7616,27,teleop,high,1,6,,,
3/15/2022 10:51:24 PM,7616,27,teleop,high,1,6,,,
3/15/2022 10:51:24 PM,7616,27,teleop,high,1,6,,,
3/15/2022 10:51:24 PM,7616,27,teleop,high,1,6,,,
3/15/2022 10:51:24 PM,7616,27,teleop,high,1,6,,,
3/15/2022 10:51:24 PM,7616,27,teleop,high,1,6,,,
3/15/2022 10:51:24 PM,7616,27,teleop,low,1,1,,,
3/15/2022 10:51:24 PM,5261,27,teleop,high,1,6,,,
3/15/2022 10:51:24 PM,5261,27,teleop,high,1,6,,,
3/15/2022 10:51:24 PM,5261,27,teleop,high,1,6,,,
3/15/2022 10:51:24 PM,5261,27,teleop,high,1,6,,,
3/15/2022 10:51:24 PM,5261,27,teleop,high,1,6,,,
3/15/2022 10:51:24 PM,5261,27,teleop,high,1,6,,,
3/15/2022 10:51:24 PM,5261,27,teleop,low,1,1,,,
3/15/2022 10:51:24 PM,231,28,teleop,high,1,6,,,
3/15/2022 10:51:24 PM,231,28,teleop,high,1,6,,,
3/15/2022 10:51:24 PM,231,28,teleop,high,1,6,,,
3/15/2022 10:51:24 PM,231,28,teleop,high,1,6,,,
3/15/2022 10:51:24 PM,231,28,teleop,high,1,6,,,
3/15/2022 10:51:24 PM,231,28,teleop,high,1,6,,,
3/15/2022 10:51:24 PM,231,28,teleop,low,1,1,,,
3/15/2022 10:51:24 PM,4332,28,teleop,high,1,6,,,
3/15/2022 10:51:24 PM,4332,28,teleop,high,1,6,,,
3/15/2022 10:51:24 PM,4332,28,teleop,high,1,6,,,
3/15/2022 10:51:24 PM,4332,28,teleop,high,1,6,,,
3/15/2022 10:51:24 PM,4332,28,teleop,high,1,6,,,
3/15/2022 10:51:24 PM,4332,28,teleop,high,1,6,,,
3/15/2022 10:51:24 PM,4332,28,teleop,low,1,1,,,
3/15/2022 10:51:24 PM,5923,28,teleop,high,1,6,,,
3/15/2022 10:51:24 PM,5923,28,teleop,high,1,6,,,
3/15/2022 10:51:24 PM,5923,28,teleop,high,1,6,,,
3/15/2022 10:51:24 PM,5923,28,teleop,high,1,6,,,
3/15/2022 10:51:24 PM,5923,28,teleop,high,1,6,,,
3/15/2022 10:51:24 PM,5923,28,teleop,high,1,6,,,
3/15/2022 10:51:24 PM,5923,28,teleop,low,1,1,,,
3/15/2022 10:51:24 PM,7418,28,teleop,high,1,6,,,
3/15/2022 10:51:24 PM,7418,28,teleop,high,1,6,,,
3/15/2022 10:51:24 PM,7418,28,teleop,high,1,6,,,
3/15/2022 10:51:24 PM,7418,28,teleop,high,1,6,,,
3/15/2022 10:51:24 PM,7418,28,teleop,high,1,6,,,
3/15/2022 10:51:24 PM,7418,28,teleop,high,1,6,,,
3/15/2022 10:51:24 PM,7418,28,teleop,low,1,1,,,
3/15/2022 10:51:24 PM,8177,28,teleop,high,1,6,,,
3/15/2022 10:51:24 PM,8177,28,teleop,high,1,6,,,
3/15/2022 10:51:24 PM,8177,28,teleop,high,1,6,,,
3/15/2022 10:51:24 PM,8177,28,teleop,high,1,6,,,
3/15/2022 10:51:24 PM,8177,28,teleop,high,1,6,,,
3/15/2022 10:51:24 PM,8177,28,teleop,high,1,6,,,
3/15/2022 10:51:24 PM,8177,28,teleop,low,1,1,,,
3/15/2022 10:51:24 PM,8210,28,teleop,high,1,6,,,
3/15/2022 10:51:24 PM,8210,28,teleop,high,1,6,,,
3/15/2022 10:51:24 PM,8210,28,teleop,high,1,6,,,
3/15/2022 10:51:24 PM,8210,28,teleop,high,1,6,,,
3/15/2022 10:51:24 PM,8210,28,teleop,high,1,6,,,
3/15/2022 10:51:24 PM,8210,28,teleop,high,1,6,,,
3/15/2022 10:51:24 PM,8210,28,teleop,low,1,1,,,
3/15/2022 10:51:24 PM,5892,29,teleop,high,1,6,,,
3/15/2022 10:51:24 PM,5892,29,teleop,high,1,6,,,
3/15/2022 10:51:24 PM,5892,29,teleop,high,1,6,,,
3/15/2022 10:51:24 PM,5892,29,teleop,high,1,6,,,
3/15/2022 10:51:24 PM,5892,29,teleop,high,1,6,,,
3/15/2022 10:51:24 PM,5892,29,teleop,high,1,6,,,
3/15/2022 10:51:24 PM,5892,29,teleop,low,1,1,,,
3/15/2022 10:51:24 PM,418,29,auto,low,1,1,,,
3/15/2022 10:51:24 PM,418,29,teleop,high,1,7,,,
3/15/2022 10:51:24 PM,418,29,teleop,high,1,7,,,
3/15/2022 10:51:24 PM,418,29,teleop,high,1,7,,,
3/15/2022 10:51:24 PM,418,29,teleop,high,1,7,,,
3/15/2022 10:51:24 PM,418,29,teleop,high,1,7,,,
3/15/2022 10:51:24 PM,418,29,teleop,high,1,7,,,
3/15/2022 10:51:24 PM,418,29,teleop,high,1,7,,,
3/15/2022 10:51:24 PM,6645,29,auto,low,1,1,,,
3/15/2022 10:51:24 PM,6645,29,teleop,high,1,7,,,
3/15/2022 10:51:24 PM,6645,29,teleop,high,1,7,,,
3/15/2022 10:51:24 PM,6645,29,teleop,high,1,7,,,
3/15/2022 10:51:24 PM,6645,29,teleop,high,1,7,,,
3/15/2022 10:51:24 PM,6645,29,teleop,high,1,7,,,
3/15/2022 10:51:24 PM,6645,29,teleop,high,1,7,,,
3/15/2022 10:51:24 PM,6645,29,teleop,high,1,7,,,
3/15/2022 10:51:24 PM,4295,29,auto,low,1,1,,,
3/15/2022 10:51:24 PM,4295,29,teleop,high,1,7,,,
3/15/2022 10:51:24 PM,4295,29,teleop,high,1,7,,,
3/15/2022 10:51:24 PM,4295,29,teleop,high,1,7,,,
3/15/2022 10:51:24 PM,4295,29,teleop,high,1,7,,,
3/15/2022 10:51:24 PM,4295,29,teleop,high,1,7,,,
3/15/2022 10:51:24 PM,4295,29,teleop,high,1,7,,,
3/15/2022 10:51:24 PM,4295,29,teleop,high,1,7,,,
3/15/2022 10:51:24 PM,8150,29,auto,low,1,1,,,
3/15/2022 10:51:24 PM,8150,29,teleop,high,1,7,,,
3/15/2022 10:51:24 PM,8150,29,teleop,high,1,7,,,
3/15/2022 10:51:24 PM,8150,29,teleop,high,1,7,,,
3/15/2022 10:51:24 PM,8150,29,teleop,high,1,7,,,
3/15/2022 10:51:24 PM,8150,29,teleop,high,1,7,,,
3/15/2022 10:51:24 PM,8150,29,teleop,high,1,7,,,
3/15/2022 10:51:24 PM,8150,29,teleop,high,1,7,,,
3/15/2022 10:51:24 PM,1255,29,auto,low,1,1,,,
3/15/2022 10:51:24 PM,1255,29,teleop,high,1,7,,,
3/15/2022 10:51:24 PM,1255,29,teleop,high,1,7,,,
3/15/2022 10:51:24 PM,1255,29,teleop,high,1,7,,,
3/15/2022 10:51:24 PM,1255,29,teleop,high,1,7,,,
3/15/2022 10:51:24 PM,1255,29,teleop,high,1,7,,,
3/15/2022 10:51:24 PM,1255,29,teleop,high,1,7,,,
3/15/2022 10:51:24 PM,1255,29,teleop,high,1,7,,,
3/15/2022 10:51:24 PM,5427,30,auto,low,1,1,,,
3/15/2022 10:51:24 PM,5427,30,teleop,high,1,7,,,
3/15/2022 10:51:24 PM,5427,30,teleop,high,1,7,,,
3/15/2022 10:51:24 PM,5427,30,teleop,high,1,7,,,
3/15/2022 10:51:24 PM,5427,30,teleop,high,1,7,,,
3/15/2022 10:51:24 PM,5427,30,teleop,high,1,7,,,
3/15/2022 10:51:24 PM,5427,30,teleop,high,1,7,,,
3/15/2022 10:51:24 PM,5427,30,teleop,high,1,7,,,
3/15/2022 10:51:24 PM,3035,30,teleop,high,1,2,,,
3/15/2022 10:51:24 PM,3035,30,teleop,high,1,2,,,
3/15/2022 10:51:24 PM,8370,30,teleop,high,1,2,,,
3/15/2022 10:51:24 PM,8370,30,teleop,high,1,2,,,
3/15/2022 10:51:24 PM,8576,30,teleop,high,1,2,,,
3/15/2022 10:51:24 PM,8576,30,teleop,high,1,2,,,
3/15/2022 10:51:24 PM,8515,30,teleop,high,1,2,,,
3/15/2022 10:51:24 PM,8515,30,teleop,high,1,2,,,
3/15/2022 10:51:24 PM,5261,30,teleop,high,1,2,,,
3/15/2022 10:51:24 PM,5261,30,teleop,high,1,2,,,
3/15/2022 10:51:24 PM,4639,31,teleop,high,1,2,,,
3/15/2022 10:51:24 PM,4639,31,teleop,high,1,2,,,
3/15/2022 10:51:24 PM,324,31,teleop,high,1,2,,,
3/15/2022 10:51:24 PM,324,31,teleop,high,1,2,,,
3/15/2022 10:51:24 PM,5682,31,teleop,high,1,2,,,
3/15/2022 10:51:24 PM,5682,31,teleop,high,1,2,,,
3/15/2022 10:51:24 PM,5829,31,teleop,high,1,2,,,
3/15/2022 10:51:24 PM,5829,31,teleop,high,1,2,,,
3/15/2022 10:51:24 PM,7115,31,teleop,high,1,2,,,
3/15/2022 10:51:24 PM,7115,31,teleop,high,1,2,,,
3/15/2022 10:51:24 PM,5414,31,teleop,high,1,2,,,
3/15/2022 10:51:24 PM,5414,31,teleop,high,1,2,,,
3/15/2022 10:51:24 PM,4587,32,teleop,high,1,2,,,
3/15/2022 10:51:24 PM,4587,32,teleop,high,1,2,,,
3/15/2022 10:51:24 PM,4597,32,teleop,high,1,2,,,
3/15/2022 10:51:24 PM,4597,32,teleop,high,1,2,,,
3/15/2022 10:51:24 PM,5894,32,teleop,high,1,2,,,
3/15/2022 10:51:24 PM,5894,32,teleop,high,1,2,,,
3/15/2022 10:51:24 PM,7312,32,teleop,high,1,2,,,
3/15/2022 10:51:24 PM,7312,32,teleop,high,1,2,,,
3/15/2022 10:51:24 PM,118,32,teleop,high,1,2,,,
3/15/2022 10:51:24 PM,118,32,teleop,high,1,2,,,
3/15/2022 10:51:24 PM,2882,32,teleop,high,1,2,,,
3/15/2022 10:51:24 PM,2882,32,teleop,high,1,2,,,
3/15/2022 10:51:24 PM,3035,33,teleop,high,1,2,,,
3/15/2022 10:51:24 PM,3035,33,teleop,high,1,2,,,
3/15/2022 10:51:24 PM,5892,33,teleop,high,1,2,,,
3/15/2022 10:51:24 PM,5892,33,teleop,high,1,2,,,
3/15/2022 10:51:24 PM,4332,33,teleop,high,1,2,,,
3/15/2022 10:51:24 PM,4332,33,teleop,high,1,2,,,
3/15/2022 10:51:24 PM,8370,33,teleop,high,1,2,,,
3/15/2022 10:51:24 PM,8370,33,teleop,high,1,2,,,
3/15/2022 10:51:24 PM,7492,33,teleop,high,1,2,,,
3/15/2022 10:51:24 PM,7492,33,teleop,high,1,2,,,
3/15/2022 10:51:24 PM,231,33,auto,high,1,1,,,
3/15/2022 10:51:24 PM,231,33,auto,low,1,1,,,
3/15/2022 10:51:24 PM,231,33,teleop,high,1,4,,,
3/15/2022 10:51:24 PM,231,33,teleop,high,1,4,,,
3/15/2022 10:51:24 PM,231,33,teleop,high,1,4,,,
3/15/2022 10:51:24 PM,231,33,teleop,high,1,4,,,
3/15/2022 10:51:24 PM,8210,34,auto,high,1,1,,,
3/15/2022 10:51:24 PM,8210,34,auto,low,1,1,,,
3/15/2022 10:51:24 PM,8210,34,teleop,high,1,4,,,
3/15/2022 10:51:24 PM,8210,34,teleop,high,1,4,,,
3/15/2022 10:51:24 PM,8210,34,teleop,high,1,4,,,
3/15/2022 10:51:24 PM,8210,34,teleop,high,1,4,,,
3/15/2022 10:51:24 PM,5261,34,auto,high,1,1,,,
3/15/2022 10:51:24 PM,5261,34,auto,low,1,1,,,
3/15/2022 10:51:24 PM,5261,34,teleop,high,1,4,,,
3/15/2022 10:51:24 PM,5261,34,teleop,high,1,4,,,
3/15/2022 10:51:24 PM,5261,34,teleop,high,1,4,,,
3/15/2022 10:51:24 PM,5261,34,teleop,high,1,4,,,
3/15/2022 10:51:24 PM,418,34,auto,high,1,1,,,
3/15/2022 10:51:24 PM,418,34,auto,low,1,1,,,
3/15/2022 10:51:24 PM,418,34,teleop,high,1,4,,,
3/15/2022 10:51:24 PM,418,34,teleop,high,1,4,,,
3/15/2022 10:51:24 PM,418,34,teleop,high,1,4,,,
3/15/2022 10:51:24 PM,418,34,teleop,high,1,4,,,
3/15/2022 10:51:24 PM,7616,34,auto,high,1,1,,,
3/15/2022 10:51:24 PM,7616,34,auto,low,1,1,,,
3/15/2022 10:51:24 PM,7616,34,teleop,high,1,4,,,
3/15/2022 10:51:24 PM,7616,34,teleop,high,1,4,,,
3/15/2022 10:51:24 PM,7616,34,teleop,high,1,4,,,
3/15/2022 10:51:24 PM,7616,34,teleop,high,1,4,,,
3/15/2022 10:51:24 PM,8576,34,auto,high,1,1,,,
3/15/2022 10:51:24 PM,8576,34,auto,low,1,1,,,
3/15/2022 10:51:24 PM,8576,34,teleop,high,1,4,,,
3/15/2022 10:51:24 PM,8576,34,teleop,high,1,4,,,
3/15/2022 10:51:24 PM,8576,34,teleop,high,1,4,,,
3/15/2022 10:51:24 PM,8576,34,teleop,high,1,4,,,
3/15/2022 10:51:24 PM,5829,34,auto,high,1,1,,,
3/15/2022 10:51:24 PM,5829,34,auto,low,1,1,,,
3/15/2022 10:51:24 PM,5829,34,teleop,high,1,4,,,
3/15/2022 10:51:24 PM,5829,34,teleop,high,1,4,,,
3/15/2022 10:51:24 PM,5829,34,teleop,high,1,4,,,
3/15/2022 10:51:24 PM,5829,34,teleop,high,1,4,,,
3/15/2022 10:51:24 PM,4295,35,auto,high,1,1,,,
3/15/2022 10:51:24 PM,4295,35,auto,low,1,1,,,
3/15/2022 10:51:24 PM,4295,35,teleop,high,1,4,,,
3/15/2022 10:51:24 PM,4295,35,teleop,high,1,4,,,
3/15/2022 10:51:24 PM,4295,35,teleop,high,1,4,,,
3/15/2022 10:51:24 PM,4295,35,teleop,high,1,4,,,
3/15/2022 10:51:24 PM,5427,35,auto,high,1,1,,,
3/15/2022 10:51:24 PM,5427,35,auto,low,1,1,,,
3/15/2022 10:51:24 PM,5427,35,teleop,high,1,4,,,
3/15/2022 10:51:24 PM,5427,35,teleop,high,1,4,,,
3/15/2022 10:51:24 PM,5427,35,teleop,high,1,4,,,
3/15/2022 10:51:24 PM,5427,35,teleop,high,1,4,,,
3/15/2022 10:51:24 PM,5894,35,auto,high,1,1,,,
3/15/2022 10:51:24 PM,5894,35,teleop,high,1,9,,,
3/15/2022 10:51:24 PM,5894,35,teleop,high,1,9,,,
3/15/2022 10:51:24 PM,5894,35,teleop,high,1,9,,,
3/15/2022 10:51:24 PM,5894,35,teleop,high,1,9,,,
3/15/2022 10:51:24 PM,5894,35,teleop,high,1,9,,,
3/15/2022 10:51:24 PM,5894,35,teleop,high,1,9,,,
3/15/2022 10:51:24 PM,5894,35,teleop,high,1,9,,,
3/15/2022 10:51:24 PM,5894,35,teleop,high,1,9,,,
3/15/2022 10:51:24 PM,5894,35,teleop,high,1,9,,,
3/15/2022 10:51:24 PM,5923,35,auto,high,1,1,,,
3/15/2022 10:51:24 PM,5923,35,teleop,high,1,9,,,
3/15/2022 10:51:24 PM,5923,35,teleop,high,1,9,,,
3/15/2022 10:51:24 PM,5923,35,teleop,high,1,9,,,
3/15/2022 10:51:24 PM,5923,35,teleop,high,1,9,,,
3/15/2022 10:51:24 PM,5923,35,teleop,high,1,9,,,
3/15/2022 10:51:24 PM,5923,35,teleop,high,1,9,,,
3/15/2022 10:51:24 PM,5923,35,teleop,high,1,9,,,
3/15/2022 10:51:24 PM,5923,35,teleop,high,1,9,,,
3/15/2022 10:51:24 PM,5923,35,teleop,high,1,9,,,
3/15/2022 10:51:24 PM,6645,35,auto,high,1,1,,,
3/15/2022 10:51:24 PM,6645,35,teleop,high,1,9,,,
3/15/2022 10:51:24 PM,6645,35,teleop,high,1,9,,,
3/15/2022 10:51:24 PM,6645,35,teleop,high,1,9,,,
3/15/2022 10:51:24 PM,6645,35,teleop,high,1,9,,,
3/15/2022 10:51:24 PM,6645,35,teleop,high,1,9,,,
3/15/2022 10:51:24 PM,6645,35,teleop,high,1,9,,,
3/15/2022 10:51:24 PM,6645,35,teleop,high,1,9,,,
3/15/2022 10:51:24 PM,6645,35,teleop,high,1,9,,,
3/15/2022 10:51:24 PM,6645,35,teleop,high,1,9,,,
3/15/2022 10:51:24 PM,118,35,auto,high,1,1,,,
3/15/2022 10:51:24 PM,118,35,teleop,high,1,9,,,
3/15/2022 10:51:24 PM,118,35,teleop,high,1,9,,,
3/15/2022 10:51:24 PM,118,35,teleop,high,1,9,,,
3/15/2022 10:51:24 PM,118,35,teleop,high,1,9,,,
3/15/2022 10:51:24 PM,118,35,teleop,high,1,9,,,
3/15/2022 10:51:24 PM,118,35,teleop,high,1,9,,,
3/15/2022 10:51:24 PM,118,35,teleop,high,1,9,,,
3/15/2022 10:51:24 PM,118,35,teleop,high,1,9,,,
3/15/2022 10:51:24 PM,118,35,teleop,high,1,9,,,
3/15/2022 10:51:24 PM,4597,36,auto,high,1,1,,,
3/15/2022 10:51:24 PM,4597,36,teleop,high,1,9,,,
3/15/2022 10:51:24 PM,4597,36,teleop,high,1,9,,,
3/15/2022 10:51:24 PM,4597,36,teleop,high,1,9,,,
3/15/2022 10:51:24 PM,4597,36,teleop,high,1,9,,,
3/15/2022 10:51:24 PM,4597,36,teleop,high,1,9,,,
3/15/2022 10:51:24 PM,4597,36,teleop,high,1,9,,,
3/15/2022 10:51:24 PM,4597,36,teleop,high,1,9,,,
3/15/2022 10:51:24 PM,4597,36,teleop,high,1,9,,,
3/15/2022 10:51:24 PM,4597,36,teleop,high,1,9,,,
3/15/2022 10:51:24 PM,5414,36,auto,high,1,1,,,
3/15/2022 10:51:24 PM,5414,36,auto,low,1,1,,,
3/15/2022 10:51:24 PM,5414,36,teleop,high,1,1,,,
3/15/2022 10:51:24 PM,8150,36,auto,high,1,1,,,
3/15/2022 10:51:24 PM,8150,36,auto,low,1,1,,,
3/15/2022 10:51:24 PM,8150,36,teleop,high,1,1,,,
3/15/2022 10:51:24 PM,7115,36,auto,high,1,1,,,
3/15/2022 10:51:24 PM,7115,36,auto,low,1,1,,,
3/15/2022 10:51:24 PM,7115,36,teleop,high,1,1,,,
3/15/2022 10:51:24 PM,2882,36,auto,high,1,1,,,
3/15/2022 10:51:24 PM,2882,36,auto,low,1,1,,,
3/15/2022 10:51:24 PM,2882,36,teleop,high,1,1,,,
3/15/2022 10:51:24 PM,8515,36,auto,high,1,1,,,
3/15/2022 10:51:24 PM,8515,36,auto,low,1,1,,,
3/15/2022 10:51:24 PM,8515,36,teleop,high,1,1,,,
3/15/2022 10:51:24 PM,4639,37,auto,high,1,1,,,
3/15/2022 10:51:24 PM,4639,37,auto,low,1,1,,,
3/15/2022 10:51:24 PM,4639,37,teleop,high,1,1,,,
3/15/2022 10:51:24 PM,7312,37,auto,high,1,1,,,
3/15/2022 10:51:24 PM,7312,37,auto,low,1,1,,,
3/15/2022 10:51:24 PM,7312,37,teleop,high,1,1,,,
3/15/2022 10:51:24 PM,8177,37,auto,high,1,1,,,
3/15/2022 10:51:24 PM,8177,37,auto,low,1,1,,,
3/15/2022 10:51:24 PM,8177,37,teleop,high,1,1,,,
3/15/2022 10:51:24 PM,7418,37,auto,high,1,1,,,
3/15/2022 10:51:24 PM,7418,37,auto,low,1,1,,,
3/15/2022 10:51:24 PM,7418,37,teleop,high,1,1,,,
3/15/2022 10:51:24 PM,324,37,auto,high,1,1,,,
3/15/2022 10:51:24 PM,324,37,auto,low,1,1,,,
3/15/2022 10:51:24 PM,324,37,teleop,high,1,1,,,
3/15/2022 10:51:24 PM,1255,37,auto,high,1,1,,,
3/15/2022 10:51:24 PM,1255,37,auto,low,1,1,,,
3/15/2022 10:51:24 PM,1255,37,teleop,high,1,1,,,
3/15/2022 10:51:24 PM,4587,38,auto,high,1,1,,,
3/15/2022 10:51:24 PM,4587,38,auto,low,1,1,,,
3/15/2022 10:51:24 PM,4587,38,teleop,high,1,1,,,
3/15/2022 10:51:24 PM,118,38,auto,high,1,1,,,
3/15/2022 10:51:24 PM,118,38,auto,low,1,1,,,
3/15/2022 10:51:24 PM,118,38,teleop,high,1,1,,,
3/15/2022 10:51:24 PM,231,38,auto,high,1,1,,,
3/15/2022 10:51:24 PM,231,38,auto,low,1,1,,,
3/15/2022 10:51:24 PM,231,38,teleop,high,1,1,,,
3/15/2022 10:51:24 PM,418,38,auto,high,1,1,,,
3/15/2022 10:51:24 PM,418,38,auto,low,1,1,,,
3/15/2022 10:51:24 PM,418,38,teleop,high,1,1,,,
3/15/2022 10:51:24 PM,5923,38,auto,low,1,1,,,
3/15/2022 10:51:24 PM,5923,38,teleop,high,1,3,,,
3/15/2022 10:51:24 PM,5923,38,teleop,high,1,3,,,
3/15/2022 10:51:24 PM,5923,38,teleop,high,1,3,,,
3/15/2022 10:51:24 PM,5923,38,teleop,low,1,1,,,
3/15/2022 10:51:24 PM,5682,38,auto,low,1,1,,,
3/15/2022 10:51:24 PM,5682,38,teleop,high,1,3,,,
3/15/2022 10:51:24 PM,5682,38,teleop,high,1,3,,,
3/15/2022 10:51:24 PM,5682,38,teleop,high,1,3,,,
3/15/2022 10:51:24 PM,5682,38,teleop,low,1,1,,,
3/15/2022 10:51:24 PM,4597,39,auto,low,1,1,,,
3/15/2022 10:51:25 PM,4597,39,teleop,high,1,3,,,
3/15/2022 10:51:25 PM,4597,39,teleop,high,1,3,,,
3/15/2022 10:51:25 PM,4597,39,teleop,high,1,3,,,
3/15/2022 10:51:25 PM,4597,39,teleop,low,1,1,,,
3/15/2022 10:51:25 PM,8370,39,auto,low,1,1,,,
3/15/2022 10:51:25 PM,8370,39,teleop,high,1,3,,,
3/15/2022 10:51:25 PM,8370,39,teleop,high,1,3,,,
3/15/2022 10:51:25 PM,8370,39,teleop,high,1,3,,,
3/15/2022 10:51:25 PM,8370,39,teleop,low,1,1,,,
3/15/2022 10:51:25 PM,8515,39,auto,low,1,1,,,
3/15/2022 10:51:25 PM,8515,39,teleop,high,1,3,,,
3/15/2022 10:51:25 PM,8515,39,teleop,high,1,3,,,
3/15/2022 10:51:25 PM,8515,39,teleop,high,1,3,,,
3/15/2022 10:51:25 PM,8515,39,teleop,low,1,1,,,
3/15/2022 10:51:25 PM,7492,39,auto,low,1,1,,,
3/15/2022 10:51:25 PM,7492,39,teleop,high,1,3,,,
3/15/2022 10:51:25 PM,7492,39,teleop,high,1,3,,,
3/15/2022 10:51:25 PM,7492,39,teleop,high,1,3,,,
3/15/2022 10:51:25 PM,7492,39,teleop,low,1,1,,,
3/15/2022 10:51:25 PM,8150,39,auto,low,1,1,,,
3/15/2022 10:51:25 PM,8150,39,teleop,high,1,3,,,
3/15/2022 10:51:25 PM,8150,39,teleop,high,1,3,,,
3/15/2022 10:51:25 PM,8150,39,teleop,high,1,3,,,
3/15/2022 10:51:25 PM,8150,39,teleop,low,1,1,,,
3/15/2022 10:51:25 PM,7616,39,auto,low,1,1,,,
3/15/2022 10:51:25 PM,7616,39,teleop,high,1,3,,,
3/15/2022 10:51:25 PM,7616,39,teleop,high,1,3,,,
3/15/2022 10:51:25 PM,7616,39,teleop,high,1,3,,,
3/15/2022 10:51:25 PM,7616,39,teleop,low,1,1,,,
3/15/2022 10:51:25 PM,7418,40,auto,low,1,1,,,
3/15/2022 10:51:25 PM,7418,40,teleop,high,1,3,,,
3/15/2022 10:51:25 PM,7418,40,teleop,high,1,3,,,
3/15/2022 10:51:25 PM,7418,40,teleop,high,1,3,,,
3/15/2022 10:51:25 PM,7418,40,teleop,low,1,1,,,
3/15/2022 10:51:25 PM,4639,40,auto,low,1,1,,,
3/15/2022 10:51:25 PM,4639,40,teleop,high,1,3,,,
3/15/2022 10:51:25 PM,4639,40,teleop,high,1,3,,,
3/15/2022 10:51:25 PM,4639,40,teleop,high,1,3,,,
3/15/2022 10:51:25 PM,4639,40,teleop,low,1,1,,,
3/15/2022 10:51:25 PM,5829,40,teleop,high,1,7,,,
3/15/2022 10:51:25 PM,5829,40,teleop,high,1,7,,,
3/15/2022 10:51:25 PM,5829,40,teleop,high,1,7,,,
3/15/2022 10:51:25 PM,5829,40,teleop,high,1,7,,,
3/15/2022 10:51:25 PM,5829,40,teleop,high,1,7,,,
3/15/2022 10:51:25 PM,5829,40,teleop,high,1,7,,,
3/15/2022 10:51:25 PM,5829,40,teleop,high,1,7,,,
3/15/2022 10:51:25 PM,5829,40,teleop,low,1,2,,,
3/15/2022 10:51:25 PM,5829,40,teleop,low,1,2,,,
3/15/2022 10:51:25 PM,5892,40,teleop,high,1,7,,,
3/15/2022 10:51:25 PM,5892,40,teleop,high,1,7,,,
3/15/2022 10:51:25 PM,5892,40,teleop,high,1,7,,,
3/15/2022 10:51:25 PM,5892,40,teleop,high,1,7,,,
3/15/2022 10:51:25 PM,5892,40,teleop,high,1,7,,,
3/15/2022 10:51:25 PM,5892,40,teleop,high,1,7,,,
3/15/2022 10:51:25 PM,5892,40,teleop,high,1,7,,,
3/15/2022 10:51:25 PM,5892,40,teleop,low,1,2,,,
3/15/2022 10:51:25 PM,5892,40,teleop,low,1,2,,,
3/15/2022 10:51:25 PM,5414,40,teleop,high,1,7,,,
3/15/2022 10:51:25 PM,5414,40,teleop,high,1,7,,,
3/15/2022 10:51:25 PM,5414,40,teleop,high,1,7,,,
3/15/2022 10:51:25 PM,5414,40,teleop,high,1,7,,,
3/15/2022 10:51:25 PM,5414,40,teleop,high,1,7,,,
3/15/2022 10:51:25 PM,5414,40,teleop,high,1,7,,,
3/15/2022 10:51:25 PM,5414,40,teleop,high,1,7,,,
3/15/2022 10:51:25 PM,5414,40,teleop,low,1,2,,,
3/15/2022 10:51:25 PM,5414,40,teleop,low,1,2,,,
3/15/2022 10:51:25 PM,5894,40,teleop,high,1,7,,,
3/15/2022 10:51:25 PM,5894,40,teleop,high,1,7,,,
3/15/2022 10:51:25 PM,5894,40,teleop,high,1,7,,,
3/15/2022 10:51:25 PM,5894,40,teleop,high,1,7,,,
3/15/2022 10:51:25 PM,5894,40,teleop,high,1,7,,,
3/15/2022 10:51:25 PM,5894,40,teleop,high,1,7,,,
3/15/2022 10:51:25 PM,5894,40,teleop,high,1,7,,,
3/15/2022 10:51:25 PM,5894,40,teleop,low,1,2,,,
3/15/2022 10:51:25 PM,5894,40,teleop,low,1,2,,,
3/15/2022 10:51:25 PM,7312,41,teleop,high,1,7,,,
3/15/2022 10:51:25 PM,7312,41,teleop,high,1,7,,,
3/15/2022 10:51:25 PM,7312,41,teleop,high,1,7,,,
3/15/2022 10:51:25 PM,7312,41,teleop,high,1,7,,,
3/15/2022 10:51:25 PM,7312,41,teleop,high,1,7,,,
3/15/2022 10:51:25 PM,7312,41,teleop,high,1,7,,,
3/15/2022 10:51:25 PM,7312,41,teleop,high,1,7,,,
3/15/2022 10:51:25 PM,7312,41,teleop,low,1,2,,,
3/15/2022 10:51:25 PM,7312,41,teleop,low,1,2,,,
3/15/2022 10:51:25 PM,7115,41,auto,low,1,1,,,
3/15/2022 10:51:25 PM,7115,41,teleop,high,1,9,,,
3/15/2022 10:51:25 PM,7115,41,teleop,high,1,9,,,
3/15/2022 10:51:25 PM,7115,41,teleop,high,1,9,,,
3/15/2022 10:51:25 PM,7115,41,teleop,high,1,9,,,
3/15/2022 10:51:25 PM,7115,41,teleop,high,1,9,,,
3/15/2022 10:51:25 PM,7115,41,teleop,high,1,9,,,
3/15/2022 10:51:25 PM,7115,41,teleop,high,1,9,,,
3/15/2022 10:51:25 PM,7115,41,teleop,high,1,9,,,
3/15/2022 10:51:25 PM,7115,41,teleop,high,1,9,,,
3/15/2022 10:51:25 PM,4295,41,auto,low,1,1,,,
3/15/2022 10:51:25 PM,4295,41,teleop,high,1,9,,,
3/15/2022 10:51:25 PM,4295,41,teleop,high,1,9,,,
3/15/2022 10:51:25 PM,4295,41,teleop,high,1,9,,,
3/15/2022 10:51:25 PM,4295,41,teleop,high,1,9,,,
3/15/2022 10:51:25 PM,4295,41,teleop,high,1,9,,,
3/15/2022 10:51:25 PM,4295,41,teleop,high,1,9,,,
3/15/2022 10:51:25 PM,4295,41,teleop,high,1,9,,,
3/15/2022 10:51:25 PM,4295,41,teleop,high,1,9,,,
3/15/2022 10:51:25 PM,4295,41,teleop,high,1,9,,,
3/15/2022 10:51:25 PM,5261,41,auto,low,1,1,,,
3/15/2022 10:51:25 PM,5261,41,teleop,high,1,9,,,
3/15/2022 10:51:25 PM,5261,41,teleop,high,1,9,,,
3/15/2022 10:51:25 PM,5261,41,teleop,high,1,9,,,
3/15/2022 10:51:25 PM,5261,41,teleop,high,1,9,,,
3/15/2022 10:51:25 PM,5261,41,teleop,high,1,9,,,
3/15/2022 10:51:25 PM,5261,41,teleop,high,1,9,,,
3/15/2022 10:51:25 PM,5261,41,teleop,high,1,9,,,
3/15/2022 10:51:25 PM,5261,41,teleop,high,1,9,,,
3/15/2022 10:51:25 PM,5261,41,teleop,high,1,9,,,
3/15/2022 10:51:25 PM,3035,41,auto,low,1,1,,,
3/15/2022 10:51:25 PM,3035,41,teleop,high,1,9,,,
3/15/2022 10:51:25 PM,3035,41,teleop,high,1,9,,,
3/15/2022 10:51:25 PM,3035,41,teleop,high,1,9,,,
3/15/2022 10:51:25 PM,3035,41,teleop,high,1,9,,,
3/15/2022 10:51:25 PM,3035,41,teleop,high,1,9,,,
3/15/2022 10:51:25 PM,3035,41,teleop,high,1,9,,,
3/15/2022 10:51:25 PM,3035,41,teleop,high,1,9,,,
3/15/2022 10:51:25 PM,3035,41,teleop,high,1,9,,,
3/15/2022 10:51:25 PM,3035,41,teleop,high,1,9,,,
3/15/2022 10:51:25 PM,1255,41,auto,low,1,1,,,
3/15/2022 10:51:25 PM,1255,41,teleop,high,1,9,,,
3/15/2022 10:51:25 PM,1255,41,teleop,high,1,9,,,
3/15/2022 10:51:25 PM,1255,41,teleop,high,1,9,,,
3/15/2022 10:51:25 PM,1255,41,teleop,high,1,9,,,
3/15/2022 10:51:25 PM,1255,41,teleop,high,1,9,,,
3/15/2022 10:51:25 PM,1255,41,teleop,high,1,9,,,
3/15/2022 10:51:25 PM,1255,41,teleop,high,1,9,,,
3/15/2022 10:51:25 PM,1255,41,teleop,high,1,9,,,
3/15/2022 10:51:25 PM,1255,41,teleop,high,1,9,,,
3/15/2022 10:51:25 PM,5427,42,auto,high,1,1,,,
3/15/2022 10:51:25 PM,5427,42,teleop,high,1,1,,,
3/15/2022 10:51:25 PM,5682,42,auto,high,1,1,,,
3/15/2022 10:51:25 PM,5682,42,teleop,high,1,1,,,
3/15/2022 10:51:25 PM,4587,42,auto,high,1,1,,,
3/15/2022 10:51:25 PM,4587,42,teleop,high,1,1,,,
3/15/2022 10:51:25 PM,324,42,auto,high,1,1,,,
3/15/2022 10:51:25 PM,324,42,teleop,high,1,1,,,
3/15/2022 10:51:25 PM,8210,42,auto,high,1,1,,,
3/15/2022 10:51:25 PM,8210,42,teleop,high,1,1,,,
3/15/2022 10:51:25 PM,8576,42,auto,high,1,1,,,
3/15/2022 10:51:25 PM,8576,42,teleop,high,1,1,,,
3/15/2022 10:51:25 PM,2882,43,auto,high,1,1,,,
3/15/2022 10:51:25 PM,2882,43,teleop,high,1,1,,,
3/15/2022 10:51:25 PM,6645,43,auto,high,1,1,,,
3/15/2022 10:51:25 PM,6645,43,teleop,high,1,1,,,
3/15/2022 10:51:25 PM,8150,43,auto,high,1,1,,,
3/15/2022 10:51:25 PM,8150,43,teleop,high,1,1,,,
3/15/2022 10:51:25 PM,8177,43,auto,high,1,1,,,
3/15/2022 10:51:25 PM,8177,43,teleop,high,1,1,,,
3/15/2022 10:51:25 PM,4332,43,auto,high,1,1,,,
3/15/2022 10:51:25 PM,4332,43,teleop,high,1,1,,,
3/15/2022 10:51:25 PM,7492,43,auto,high,1,1,,,
3/15/2022 10:51:25 PM,7492,43,teleop,high,1,1,,,
3/15/2022 10:51:25 PM,7115,44,auto,high,1,1,,,
3/15/2022 10:51:25 PM,7115,44,teleop,high,1,1,,,
3/15/2022 10:51:25 PM,418,44,auto,high,1,1,,,
3/15/2022 10:51:25 PM,418,44,teleop,high,1,1,,,
3/15/2022 10:51:25 PM,4597,44,auto,high,1,1,,,
3/15/2022 10:51:25 PM,4597,44,teleop,high,1,1,,,
3/15/2022 10:51:25 PM,5892,44,auto,high,1,1,,,
3/15/2022 10:51:25 PM,5892,44,teleop,high,1,1,,,
3/15/2022 10:51:25 PM,5923,44,auto,high,1,1,,,
3/15/2022 10:51:25 PM,5923,44,teleop,high,1,1,,,
3/15/2022 10:51:25 PM,4639,44,auto,high,1,1,,,
3/15/2022 10:51:25 PM,4639,44,teleop,high,1,1,,,
3/15/2022 10:51:25 PM,4587,45,auto,high,1,1,,,
3/15/2022 10:51:25 PM,4587,45,teleop,high,1,1,,,
3/15/2022 10:51:25 PM,7312,45,auto,high,1,1,,,
3/15/2022 10:51:25 PM,7312,45,teleop,high,1,1,,,
3/15/2022 10:51:25 PM,324,45,auto,high,1,1,,,
3/15/2022 10:51:25 PM,324,45,teleop,high,1,1,,,
3/15/2022 10:51:25 PM,8370,45,auto,high,1,1,,,
3/15/2022 10:51:25 PM,8370,45,teleop,high,1,1,,,
3/15/2022 10:51:25 PM,7418,45,auto,high,1,1,,,
3/15/2022 10:51:25 PM,7418,45,teleop,high,1,1,,,
3/15/2022 10:51:25 PM,4295,45,auto,high,1,1,,,
3/15/2022 10:51:25 PM,4295,45,teleop,high,1,1,,,
3/15/2022 10:51:25 PM,5414,46,auto,high,1,1,,,
3/15/2022 10:51:25 PM,5414,46,auto,low,1,1,,,
3/15/2022 10:51:25 PM,5414,46,teleop,high,1,6,,,
3/15/2022 10:51:25 PM,5414,46,teleop,high,1,6,,,
3/15/2022 10:51:25 PM,5414,46,teleop,high,1,6,,,
3/15/2022 10:51:25 PM,5414,46,teleop,high,1,6,,,
3/15/2022 10:51:25 PM,5414,46,teleop,high,1,6,,,
3/15/2022 10:51:25 PM,5414,46,teleop,high,1,6,,,
3/15/2022 10:51:25 PM,8177,46,auto,high,1,1,,,
3/15/2022 10:51:25 PM,8177,46,auto,low,1,1,,,
3/15/2022 10:51:25 PM,8177,46,teleop,high,1,6,,,
3/15/2022 10:51:25 PM,8177,46,teleop,high,1,6,,,
3/15/2022 10:51:25 PM,8177,46,teleop,high,1,6,,,
3/15/2022 10:51:25 PM,8177,46,teleop,high,1,6,,,
3/15/2022 10:51:25 PM,8177,46,teleop,high,1,6,,,
3/15/2022 10:51:25 PM,8177,46,teleop,high,1,6,,,
3/15/2022 10:51:25 PM,7616,46,auto,high,1,1,,,
3/15/2022 10:51:25 PM,7616,46,auto,low,1,1,,,
3/15/2022 10:51:25 PM,7616,46,teleop,high,1,6,,,
3/15/2022 10:51:25 PM,7616,46,teleop,high,1,6,,,
3/15/2022 10:51:25 PM,7616,46,teleop,high,1,6,,,
3/15/2022 10:51:25 PM,7616,46,teleop,high,1,6,,,
3/15/2022 10:51:25 PM,7616,46,teleop,high,1,6,,,
3/15/2022 10:51:25 PM,7616,46,teleop,high,1,6,,,
3/15/2022 10:51:25 PM,5894,46,auto,high,1,1,,,
3/15/2022 10:51:25 PM,5894,46,auto,low,1,1,,,
3/15/2022 10:51:25 PM,5894,46,teleop,high,1,6,,,
3/15/2022 10:51:25 PM,5894,46,teleop,high,1,6,,,
3/15/2022 10:51:25 PM,5894,46,teleop,high,1,6,,,
3/15/2022 10:51:25 PM,5894,46,teleop,high,1,6,,,
3/15/2022 10:51:25 PM,5894,46,teleop,high,1,6,,,
3/15/2022 10:51:25 PM,5894,46,teleop,high,1,6,,,
3/15/2022 10:51:25 PM,118,46,auto,high,1,1,,,
3/15/2022 10:51:25 PM,118,46,auto,low,1,1,,,
3/15/2022 10:51:25 PM,118,46,teleop,high,1,6,,,
3/15/2022 10:51:25 PM,118,46,teleop,high,1,6,,,
3/15/2022 10:51:25 PM,118,46,teleop,high,1,6,,,
3/15/2022 10:51:25 PM,118,46,teleop,high,1,6,,,
3/15/2022 10:51:25 PM,118,46,teleop,high,1,6,,,
3/15/2022 10:51:25 PM,118,46,teleop,high,1,6,,,
3/15/2022 10:51:25 PM,8576,46,auto,high,1,1,,,
3/15/2022 10:51:25 PM,8576,46,auto,low,1,1,,,
3/15/2022 10:51:25 PM,8576,46,teleop,high,1,6,,,
3/15/2022 10:51:25 PM,8576,46,teleop,high,1,6,,,
3/15/2022 10:51:25 PM,8576,46,teleop,high,1,6,,,
3/15/2022 10:51:25 PM,8576,46,teleop,high,1,6,,,
3/15/2022 10:51:25 PM,8576,46,teleop,high,1,6,,,
3/15/2022 10:51:25 PM,8576,46,teleop,high,1,6,,,
3/15/2022 10:51:25 PM,5682,47,auto,high,1,1,,,
3/15/2022 10:51:25 PM,5682,47,auto,low,1,1,,,
3/15/2022 10:51:25 PM,5682,47,teleop,high,1,8,,,
3/15/2022 10:51:25 PM,5682,47,teleop,high,1,8,,,
3/15/2022 10:51:25 PM,5682,47,teleop,high,1,8,,,
3/15/2022 10:51:25 PM,5682,47,teleop,high,1,8,,,
3/15/2022 10:51:25 PM,5682,47,teleop,high,1,8,,,
3/15/2022 10:51:25 PM,5682,47,teleop,high,1,8,,,
3/15/2022 10:51:25 PM,5682,47,teleop,high,1,8,,,
3/15/2022 10:51:25 PM,5682,47,teleop,high,1,8,,,
3/15/2022 10:51:25 PM,8210,47,auto,high,1,1,,,
3/15/2022 10:51:25 PM,8210,47,auto,low,1,1,,,
3/15/2022 10:51:25 PM,8210,47,teleop,high,1,8,,,
3/15/2022 10:51:25 PM,8210,47,teleop,high,1,8,,,
3/15/2022 10:51:25 PM,8210,47,teleop,high,1,8,,,
3/15/2022 10:51:25 PM,8210,47,teleop,high,1,8,,,
3/15/2022 10:51:25 PM,8210,47,teleop,high,1,8,,,
3/15/2022 10:51:25 PM,8210,47,teleop,high,1,8,,,
3/15/2022 10:51:25 PM,8210,47,teleop,high,1,8,,,
3/15/2022 10:51:25 PM,8210,47,teleop,high,1,8,,,
3/15/2022 10:51:25 PM,1255,47,auto,high,1,1,,,
3/15/2022 10:51:25 PM,1255,47,auto,low,1,1,,,
3/15/2022 10:51:25 PM,1255,47,teleop,high,1,8,,,
3/15/2022 10:51:25 PM,1255,47,teleop,high,1,8,,,
3/15/2022 10:51:25 PM,1255,47,teleop,high,1,8,,,
3/15/2022 10:51:25 PM,1255,47,teleop,high,1,8,,,
3/15/2022 10:51:25 PM,1255,47,teleop,high,1,8,,,
3/15/2022 10:51:25 PM,1255,47,teleop,high,1,8,,,
3/15/2022 10:51:25 PM,1255,47,teleop,high,1,8,,,
3/15/2022 10:51:25 PM,1255,47,teleop,high,1,8,,,
3/15/2022 10:51:25 PM,231,47,auto,high,1,1,,,
3/15/2022 10:51:25 PM,231,47,auto,low,1,1,,,
3/15/2022 10:51:25 PM,231,47,teleop,high,1,8,,,
3/15/2022 10:51:25 PM,231,47,teleop,high,1,8,,,
3/15/2022 10:51:25 PM,231,47,teleop,high,1,8,,,
3/15/2022 10:51:25 PM,231,47,teleop,high,1,8,,,
3/15/2022 10:51:25 PM,231,47,teleop,high,1,8,,,
3/15/2022 10:51:25 PM,231,47,teleop,high,1,8,,,
3/15/2022 10:51:25 PM,231,47,teleop,high,1,8,,,
3/15/2022 10:51:25 PM,231,47,teleop,high,1,8,,,
3/15/2022 10:51:25 PM,3035,47,auto,high,1,1,,,
3/15/2022 10:51:25 PM,3035,47,auto,low,1,1,,,
3/15/2022 10:51:25 PM,3035,47,teleop,high,1,8,,,
3/15/2022 10:51:25 PM,3035,47,teleop,high,1,8,,,
3/15/2022 10:51:25 PM,3035,47,teleop,high,1,8,,,
3/15/2022 10:51:25 PM,3035,47,teleop,high,1,8,,,
3/15/2022 10:51:25 PM,3035,47,teleop,high,1,8,,,
3/15/2022 10:51:25 PM,3035,47,teleop,high,1,8,,,
3/15/2022 10:51:25 PM,3035,47,teleop,high,1,8,,,
3/15/2022 10:51:25 PM,3035,47,teleop,high,1,8,,,
3/15/2022 10:51:25 PM,8515,47,auto,high,1,1,,,
3/15/2022 10:51:25 PM,8515,47,auto,low,1,1,,,
3/15/2022 10:51:25 PM,8515,47,teleop,high,1,3,,,
3/15/2022 10:51:25 PM,8515,47,teleop,high,1,3,,,
3/15/2022 10:51:25 PM,8515,47,teleop,high,1,3,,,
3/15/2022 10:51:25 PM,6645,48,auto,high,1,1,,,
3/15/2022 10:51:25 PM,6645,48,auto,low,1,1,,,
3/15/2022 10:51:25 PM,6645,48,teleop,high,1,3,,,
3/15/2022 10:51:25 PM,6645,48,teleop,high,1,3,,,
3/15/2022 10:51:25 PM,6645,48,teleop,high,1,3,,,
3/15/2022 10:51:25 PM,5261,48,auto,high,1,1,,,
3/15/2022 10:51:25 PM,5261,48,auto,low,1,1,,,
3/15/2022 10:51:25 PM,5261,48,teleop,high,1,3,,,
3/15/2022 10:51:25 PM,5261,48,teleop,high,1,3,,,
3/15/2022 10:51:25 PM,5261,48,teleop,high,1,3,,,
3/15/2022 10:51:25 PM,5829,48,auto,high,1,1,,,
3/15/2022 10:51:25 PM,5829,48,auto,low,1,1,,,
3/15/2022 10:51:25 PM,5829,48,teleop,high,1,3,,,
3/15/2022 10:51:25 PM,5829,48,teleop,high,1,3,,,
3/15/2022 10:51:25 PM,5829,48,teleop,high,1,3,,,
3/15/2022 10:51:25 PM,5427,48,auto,high,1,1,,,
3/15/2022 10:51:25 PM,5427,48,auto,low,1,1,,,
3/15/2022 10:51:25 PM,5427,48,teleop,high,1,3,,,
3/15/2022 10:51:25 PM,5427,48,teleop,high,1,3,,,
3/15/2022 10:51:25 PM,5427,48,teleop,high,1,3,,,
3/15/2022 10:51:25 PM,4332,48,auto,high,1,1,,,
3/15/2022 10:51:25 PM,4332,48,auto,low,1,1,,,
3/15/2022 10:51:25 PM,4332,48,teleop,high,1,3,,,
3/15/2022 10:51:25 PM,4332,48,teleop,high,1,3,,,
3/15/2022 10:51:25 PM,4332,48,teleop,high,1,3,,,
3/15/2022 10:51:25 PM,2882,48,auto,high,1,1,,,
3/15/2022 10:51:25 PM,2882,48,auto,low,1,1,,,
3/15/2022 10:51:25 PM,2882,48,teleop,high,1,3,,,
3/15/2022 10:51:25 PM,2882,48,teleop,high,1,3,,,
3/15/2022 10:51:25 PM,2882,48,teleop,high,1,3,,,
3/15/2022 10:51:25 PM,5923,49,auto,high,1,1,,,
3/15/2022 10:51:25 PM,5923,49,auto,low,1,1,,,
3/15/2022 10:51:25 PM,5923,49,teleop,high,1,3,,,
3/15/2022 10:51:25 PM,5923,49,teleop,high,1,3,,,
3/15/2022 10:51:25 PM,5923,49,teleop,high,1,3,,,
3/15/2022 10:51:25 PM,7616,49,auto,low,1,1,,,
3/15/2022 10:51:25 PM,7616,49,teleop,high,1,4,,,
3/15/2022 10:51:25 PM,7616,49,teleop,high,1,4,,,
3/15/2022 10:51:25 PM,7616,49,teleop,high,1,4,,,
3/15/2022 10:51:25 PM,7616,49,teleop,high,1,4,,,
3/15/2022 10:51:25 PM,7616,49,teleop,low,1,2,,,
3/15/2022 10:51:25 PM,7616,49,teleop,low,1,2,,,
3/15/2022 10:51:25 PM,7312,49,auto,low,1,1,,,
3/15/2022 10:51:25 PM,7312,49,teleop,high,1,4,,,
3/15/2022 10:51:25 PM,7312,49,teleop,high,1,4,,,
3/15/2022 10:51:25 PM,7312,49,teleop,high,1,4,,,
3/15/2022 10:51:25 PM,7312,49,teleop,high,1,4,,,
3/15/2022 10:51:25 PM,7312,49,teleop,low,1,2,,,
3/15/2022 10:51:25 PM,7312,49,teleop,low,1,2,,,
3/15/2022 10:51:25 PM,7115,49,auto,low,1,1,,,
3/15/2022 10:51:25 PM,7115,49,teleop,high,1,4,,,
3/15/2022 10:51:25 PM,7115,49,teleop,high,1,4,,,
3/15/2022 10:51:25 PM,7115,49,teleop,high,1,4,,,
3/15/2022 10:51:25 PM,7115,49,teleop,high,1,4,,,
3/15/2022 10:51:25 PM,7115,49,teleop,low,1,2,,,
3/15/2022 10:51:25 PM,7115,49,teleop,low,1,2,,,
3/15/2022 10:51:25 PM,4639,49,auto,low,1,1,,,
3/15/2022 10:51:25 PM,4639,49,teleop,high,1,4,,,
3/15/2022 10:51:25 PM,4639,49,teleop,high,1,4,,,
3/15/2022 10:51:25 PM,4639,49,teleop,high,1,4,,,
3/15/2022 10:51:25 PM,4639,49,teleop,high,1,4,,,
3/15/2022 10:51:25 PM,4639,49,teleop,low,1,2,,,
3/15/2022 10:51:25 PM,4639,49,teleop,low,1,2,,,
3/15/2022 10:51:25 PM,8150,49,auto,low,1,1,,,
3/15/2022 10:51:25 PM,8150,49,teleop,high,1,4,,,
3/15/2022 10:51:25 PM,8150,49,teleop,high,1,4,,,
3/15/2022 10:51:25 PM,8150,49,teleop,high,1,4,,,
3/15/2022 10:51:25 PM,8150,49,teleop,high,1,4,,,
3/15/2022 10:51:25 PM,8150,49,teleop,low,1,2,,,
3/15/2022 10:51:25 PM,8150,49,teleop,low,1,2,,,
3/15/2022 10:51:25 PM,5682,50,auto,low,1,1,,,
3/15/2022 10:51:25 PM,5682,50,teleop,high,1,4,,,
3/15/2022 10:51:25 PM,5682,50,teleop,high,1,4,,,
3/15/2022 10:51:25 PM,5682,50,teleop,high,1,4,,,
3/15/2022 10:51:25 PM,5682,50,teleop,high,1,4,,,
3/15/2022 10:51:25 PM,5682,50,teleop,low,1,2,,,
3/15/2022 10:51:25 PM,5682,50,teleop,low,1,2,,,
3/15/2022 10:51:25 PM,8515,50,auto,high,1,1,,,
3/15/2022 10:51:25 PM,8515,50,teleop,high,1,6,,,
3/15/2022 10:51:25 PM,8515,50,teleop,high,1,6,,,
3/15/2022 10:51:25 PM,8515,50,teleop,high,1,6,,,
3/15/2022 10:51:25 PM,8515,50,teleop,high,1,6,,,
3/15/2022 10:51:25 PM,8515,50,teleop,high,1,6,,,
3/15/2022 10:51:25 PM,8515,50,teleop,high,1,6,,,
3/15/2022 10:51:25 PM,5414,50,auto,high,1,1,,,
3/15/2022 10:51:25 PM,5414,50,teleop,high,1,6,,,
3/15/2022 10:51:25 PM,5414,50,teleop,high,1,6,,,
3/15/2022 10:51:25 PM,5414,50,teleop,high,1,6,,,
3/15/2022 10:51:25 PM,5414,50,teleop,high,1,6,,,
3/15/2022 10:51:25 PM,5414,50,teleop,high,1,6,,,
3/15/2022 10:51:25 PM,5414,50,teleop,high,1,6,,,
3/15/2022 10:51:25 PM,231,50,auto,high,1,1,,,
3/15/2022 10:51:25 PM,231,50,teleop,high,1,6,,,
3/15/2022 10:51:25 PM,231,50,teleop,high,1,6,,,
3/15/2022 10:51:25 PM,231,50,teleop,high,1,6,,,
3/15/2022 10:51:25 PM,231,50,teleop,high,1,6,,,
3/15/2022 10:51:25 PM,231,50,teleop,high,1,6,,,
3/15/2022 10:51:25 PM,231,50,teleop,high,1,6,,,
3/15/2022 10:51:25 PM,7418,50,auto,high,1,1,,,
3/15/2022 10:51:25 PM,7418,50,teleop,high,1,6,,,
3/15/2022 10:51:25 PM,7418,50,teleop,high,1,6,,,
3/15/2022 10:51:25 PM,7418,50,teleop,high,1,6,,,
3/15/2022 10:51:25 PM,7418,50,teleop,high,1,6,,,
3/15/2022 10:51:25 PM,7418,50,teleop,high,1,6,,,
3/15/2022 10:51:25 PM,7418,50,teleop,high,1,6,,,
3/15/2022 10:51:25 PM,4597,50,auto,high,1,1,,,
3/15/2022 10:51:25 PM,4597,50,teleop,high,1,6,,,
3/15/2022 10:51:25 PM,4597,50,teleop,high,1,6,,,
3/15/2022 10:51:25 PM,4597,50,teleop,high,1,6,,,
3/15/2022 10:51:25 PM,4597,50,teleop,high,1,6,,,
3/15/2022 10:51:25 PM,4597,50,teleop,high,1,6,,,
3/15/2022 10:51:25 PM,4597,50,teleop,high,1,6,,,
3/15/2022 10:51:25 PM,118,51,auto,low,1,1,,,
3/15/2022 10:51:25 PM,118,51,teleop,high,1,1,,,
3/15/2022 10:51:25 PM,118,51,teleop,low,1,1,,,
3/15/2022 10:51:25 PM,5892,51,auto,low,1,1,,,
3/15/2022 10:51:25 PM,5892,51,teleop,high,1,1,,,
3/15/2022 10:51:25 PM,5892,51,teleop,low,1,1,,,
3/15/2022 10:51:25 PM,8177,51,auto,low,1,1,,,
3/15/2022 10:51:25 PM,8177,51,teleop,high,1,1,,,
3/15/2022 10:51:25 PM,8177,51,teleop,low,1,1,,,
3/15/2022 10:51:25 PM,5261,51,auto,low,1,1,,,
3/15/2022 10:51:25 PM,5261,51,teleop,high,1,1,,,
3/15/2022 10:51:25 PM,5261,51,teleop,low,1,1,,,
3/15/2022 10:51:25 PM,4587,51,auto,low,1,1,,,
3/15/2022 10:51:25 PM,4587,51,teleop,high,1,1,,,
3/15/2022 10:51:25 PM,4587,51,teleop,low,1,1,,,
3/15/2022 10:51:25 PM,8370,51,auto,low,1,1,,,
3/15/2022 10:51:25 PM,8370,51,teleop,high,1,1,,,
3/15/2022 10:51:25 PM,8370,51,teleop,low,1,1,,,
3/15/2022 10:51:25 PM,5829,52,auto,low,1,1,,,
3/15/2022 10:51:25 PM,5829,52,teleop,high,1,1,,,
3/15/2022 10:51:25 PM,5829,52,teleop,low,1,1,,,
3/15/2022 10:51:25 PM,5894,52,auto,high,1,1,,,
3/15/2022 10:51:25 PM,5894,52,teleop,high,1,3,,,
3/15/2022 10:51:25 PM,5894,52,teleop,high,1,3,,,
3/15/2022 10:51:25 PM,5894,52,teleop,high,1,3,,,
3/15/2022 10:51:25 PM,2882,52,auto,high,1,1,,,
3/15/2022 10:51:25 PM,2882,52,teleop,high,1,3,,,
3/15/2022 10:51:25 PM,2882,52,teleop,high,1,3,,,
3/15/2022 10:51:25 PM,2882,52,teleop,high,1,3,,,
3/15/2022 10:51:25 PM,8210,52,auto,high,1,1,,,
3/15/2022 10:51:25 PM,8210,52,teleop,high,1,3,,,
3/15/2022 10:51:25 PM,8210,52,teleop,high,1,3,,,
3/15/2022 10:51:25 PM,8210,52,teleop,high,1,3,,,
3/15/2022 10:51:25 PM,4295,52,auto,high,1,1,,,
3/15/2022 10:51:25 PM,4295,52,teleop,high,1,3,,,
3/15/2022 10:51:25 PM,4295,52,teleop,high,1,3,,,
3/15/2022 10:51:25 PM,4295,52,teleop,high,1,3,,,
3/15/2022 10:51:25 PM,3035,52,auto,high,1,1,,,
3/15/2022 10:51:25 PM,3035,52,teleop,high,1,3,,,
3/15/2022 10:51:25 PM,3035,52,teleop,high,1,3,,,
3/15/2022 10:51:25 PM,3035,52,teleop,high,1,3,,,
3/15/2022 10:51:25 PM,7492,53,auto,high,1,1,,,
3/15/2022 10:51:25 PM,7492,53,teleop,high,1,3,,,
3/15/2022 10:51:25 PM,7492,53,teleop,high,1,3,,,
3/15/2022 10:51:25 PM,7492,53,teleop,high,1,3,,,
3/15/2022 10:51:25 PM,1255,53,auto,high,1,1,,,
3/15/2022 10:51:25 PM,1255,53,teleop,high,1,3,,,
3/15/2022 10:51:25 PM,1255,53,teleop,high,1,3,,,
3/15/2022 10:51:25 PM,1255,53,teleop,high,1,3,,,
3/15/2022 10:51:25 PM,6645,53,teleop,high,1,5,,,
3/15/2022 10:51:25 PM,6645,53,teleop,high,1,5,,,
3/15/2022 10:51:25 PM,6645,53,teleop,high,1,5,,,
3/15/2022 10:51:25 PM,6645,53,teleop,high,1,5,,,
3/15/2022 10:51:25 PM,6645,53,teleop,high,1,5,,,
3/15/2022 10:51:25 PM,324,53,teleop,high,1,5,,,
3/15/2022 10:51:25 PM,324,53,teleop,high,1,5,,,
3/15/2022 10:51:25 PM,324,53,teleop,high,1,5,,,
3/15/2022 10:51:25 PM,324,53,teleop,high,1,5,,,
3/15/2022 10:51:25 PM,324,53,teleop,high,1,5,,,
3/15/2022 10:51:25 PM,418,53,teleop,high,1,5,,,
3/15/2022 10:51:25 PM,418,53,teleop,high,1,5,,,
3/15/2022 10:51:25 PM,418,53,teleop,high,1,5,,,
3/15/2022 10:51:25 PM,418,53,teleop,high,1,5,,,
3/15/2022 10:51:25 PM,418,53,teleop,high,1,5,,,
3/15/2022 10:51:25 PM,5427,53,teleop,high,1,5,,,
3/15/2022 10:51:25 PM,5427,53,teleop,high,1,5,,,
3/15/2022 10:51:25 PM,5427,53,teleop,high,1,5,,,
3/15/2022 10:51:25 PM,5427,53,teleop,high,1,5,,,
3/15/2022 10:51:25 PM,5427,53,teleop,high,1,5,,,
3/15/2022 10:51:25 PM,8576,54,teleop,high,1,5,,,
3/15/2022 10:51:25 PM,8576,54,teleop,high,1,5,,,
3/15/2022 10:51:25 PM,8576,54,teleop,high,1,5,,,
3/15/2022 10:51:25 PM,8576,54,teleop,high,1,5,,,
3/15/2022 10:51:25 PM,8576,54,teleop,high,1,5,,,
3/15/2022 10:51:25 PM,8177,54,teleop,high,1,5,,,
3/15/2022 10:51:25 PM,8177,54,teleop,high,1,5,,,
3/15/2022 10:51:25 PM,8177,54,teleop,high,1,5,,,
3/15/2022 10:51:25 PM,8177,54,teleop,high,1,5,,,
3/15/2022 10:51:25 PM,8177,54,teleop,high,1,5,,,
3/15/2022 10:51:25 PM,8370,54,teleop,high,1,5,,,
3/15/2022 10:51:25 PM,8370,54,teleop,high,1,5,,,
3/15/2022 10:51:25 PM,8370,54,teleop,high,1,5,,,
3/15/2022 10:51:25 PM,8370,54,teleop,high,1,5,,,
3/15/2022 10:51:25 PM,8370,54,teleop,high,1,5,,,
3/15/2022 10:51:25 PM,4332,54,auto,high,1,1,,,
3/15/2022 10:51:25 PM,7418,54,auto,high,1,1,,,
3/15/2022 10:51:25 PM,5682,54,auto,high,1,1,,,
3/15/2022 10:51:25 PM,5923,55,auto,high,1,1,,,
3/15/2022 10:51:25 PM,3035,55,auto,high,1,1,,,
3/15/2022 10:51:25 PM,2882,55,auto,high,1,1,,,
3/15/2022 10:51:25 PM,5892,55,auto,high,1,1,,,
3/15/2022 10:51:25 PM,5829,55,auto,high,1,1,,,
3/15/2022 10:51:25 PM,7312,55,auto,high,1,1,,,
3/15/2022 10:51:25 PM,4295,56,auto,high,1,1,,,
3/15/2022 10:51:25 PM,231,56,auto,high,1,1,,,
3/15/2022 10:51:25 PM,4639,56,auto,high,1,1,,,
3/15/2022 10:51:25 PM,118,56,auto,high,1,1,,,
3/15/2022 10:51:25 PM,5427,56,auto,high,1,1,,,
3/15/2022 10:51:25 PM,5261,56,auto,high,1,1,,,
3/15/2022 10:51:25 PM,7616,57,auto,high,1,1,,,
3/15/2022 10:51:25 PM,1255,57,auto,high,1,1,,,
3/15/2022 10:51:25 PM,4587,57,auto,high,1,1,,,
3/15/2022 10:51:25 PM,8150,57,auto,high,1,1,,,
3/15/2022 10:51:25 PM,5894,57,auto,high,1,1,,,
3/15/2022 10:51:25 PM,418,57,auto,high,1,1,,,
3/15/2022 10:51:25 PM,8515,58,auto,high,1,1,,,
3/15/2022 10:51:25 PM,7492,58,auto,high,1,1,,,
3/15/2022 10:51:25 PM,324,58,auto,high,1,1,,,
3/15/2022 10:51:25 PM,4332,58,auto,high,1,1,,,
3/15/2022 10:51:25 PM,7115,58,auto,high,1,1,,,
3/15/2022 10:51:25 PM,8210,58,auto,high,1,1,,,
3/15/2022 10:51:25 PM,4597,59,auto,high,1,1,,,
3/15/2022 10:51:25 PM,8576,59,auto,high,1,1,,,
3/15/2022 10:51:25 PM,7312,59,auto,high,1,1,,,
3/15/2022 10:51:25 PM,6645,59,auto,high,1,1,,,
3/15/2022 10:51:25 PM,5414,59,auto,high,1,1,,,
3/15/2022 10:51:25 PM,5427,59,teleop,high,1,2,,,
3/15/2022 10:51:25 PM,5427,59,teleop,high,1,2,,,
3/15/2022 10:51:25 PM,418,60,teleop,high,1,2,,,
3/15/2022 10:51:25 PM,418,60,teleop,high,1,2,,,
3/15/2022 10:51:25 PM,7616,60,teleop,high,1,2,,,
3/15/2022 10:51:25 PM,7616,60,teleop,high,1,2,,,
3/15/2022 10:51:25 PM,231,60,teleop,high,1,2,,,
3/15/2022 10:51:25 PM,231,60,teleop,high,1,2,,,
3/15/2022 10:51:25 PM,2882,60,teleop,high,1,2,,,
3/15/2022 10:51:25 PM,2882,60,teleop,high,1,2,,,
3/15/2022 10:51:25 PM,8370,60,teleop,high,1,2,,,
3/15/2022 10:51:25 PM,8370,60,teleop,high,1,2,,,
3/15/2022 10:51:25 PM,4639,60,teleop,high,1,2,,,
3/15/2022 10:51:25 PM,4639,60,teleop,high,1,2,,,
3/15/2022 10:51:25 PM,1255,61,teleop,high,1,2,,,
3/15/2022 10:51:25 PM,1255,61,teleop,high,1,2,,,
3/15/2022 10:51:25 PM,8515,61,teleop,high,1,2,,,
3/15/2022 10:51:25 PM,8515,61,teleop,high,1,2,,,
3/15/2022 10:51:25 PM,5923,61,teleop,high,1,2,,,
3/15/2022 10:51:25 PM,5923,61,teleop,high,1,2,,,
3/15/2022 10:51:25 PM,5829,61,teleop,high,1,2,,,
3/15/2022 10:51:25 PM,5829,61,teleop,high,1,2,,,
3/15/2022 10:51:25 PM,5682,61,teleop,high,1,2,,,
3/15/2022 10:51:25 PM,5682,61,teleop,high,1,2,,,
3/15/2022 10:51:25 PM,118,61,teleop,high,1,2,,,
3/15/2022 10:51:25 PM,118,61,teleop,high,1,2,,,
3/15/2022 10:51:25 PM,7492,62,teleop,high,1,2,,,
3/15/2022 10:51:25 PM,7492,62,teleop,high,1,2,,,
3/15/2022 10:51:25 PM,5414,62,teleop,high,1,2,,,
3/15/2022 10:51:25 PM,5414,62,teleop,high,1,2,,,
3/15/2022 10:51:25 PM,3035,62,teleop,high,1,2,,,
3/15/2022 10:51:25 PM,3035,62,teleop,high,1,2,,,
3/15/2022 10:51:25 PM,4295,62,auto,low,1,1,,,
3/15/2022 10:51:25 PM,4295,62,teleop,high,1,6,,,
3/15/2022 10:51:25 PM,4295,62,teleop,high,1,6,,,
3/15/2022 10:51:25 PM,4295,62,teleop,high,1,6,,,
3/15/2022 10:51:25 PM,4295,62,teleop,high,1,6,,,
3/15/2022 10:51:25 PM,4295,62,teleop,high,1,6,,,
3/15/2022 10:51:25 PM,4295,62,teleop,high,1,6,,,
3/15/2022 10:51:25 PM,4587,62,auto,low,1,1,,,
3/15/2022 10:51:25 PM,4587,62,teleop,high,1,6,,,
3/15/2022 10:51:25 PM,4587,62,teleop,high,1,6,,,
3/15/2022 10:51:25 PM,4587,62,teleop,high,1,6,,,
3/15/2022 10:51:25 PM,4587,62,teleop,high,1,6,,,
3/15/2022 10:51:25 PM,4587,62,teleop,high,1,6,,,
3/15/2022 10:51:25 PM,4587,62,teleop,high,1,6,,,
3/15/2022 10:51:25 PM,8177,62,auto,low,1,1,,,
3/15/2022 10:51:25 PM,8177,62,teleop,high,1,6,,,
3/15/2022 10:51:25 PM,8177,62,teleop,high,1,6,,,
3/15/2022 10:51:25 PM,8177,62,teleop,high,1,6,,,
3/15/2022 10:51:25 PM,8177,62,teleop,high,1,6,,,
3/15/2022 10:51:25 PM,8177,62,teleop,high,1,6,,,
3/15/2022 10:51:25 PM,8177,62,teleop,high,1,6,,,
3/15/2022 10:51:25 PM,7418,63,auto,low,1,1,,,
3/15/2022 10:51:25 PM,7418,63,teleop,high,1,6,,,
3/15/2022 10:51:25 PM,7418,63,teleop,high,1,6,,,
3/15/2022 10:51:25 PM,7418,63,teleop,high,1,6,,,
3/15/2022 10:51:25 PM,7418,63,teleop,high,1,6,,,
3/15/2022 10:51:25 PM,7418,63,teleop,high,1,6,,,
3/15/2022 10:51:25 PM,7418,63,teleop,high,1,6,,,
3/15/2022 10:51:25 PM,5261,63,auto,low,1,1,,,
3/15/2022 10:51:25 PM,5261,63,teleop,high,1,6,,,
3/15/2022 10:51:25 PM,5261,63,teleop,high,1,6,,,
3/15/2022 10:51:25 PM,5261,63,teleop,high,1,6,,,
3/15/2022 10:51:25 PM,5261,63,teleop,high,1,6,,,
3/15/2022 10:51:25 PM,5261,63,teleop,high,1,6,,,
3/15/2022 10:51:25 PM,5261,63,teleop,high,1,6,,,
3/15/2022 10:51:25 PM,5892,63,teleop,high,1,8,,,
3/15/2022 10:51:25 PM,5892,63,teleop,high,1,8,,,
3/15/2022 10:51:25 PM,5892,63,teleop,high,1,8,,,
3/15/2022 10:51:25 PM,5892,63,teleop,high,1,8,,,
3/15/2022 10:51:25 PM,5892,63,teleop,high,1,8,,,
3/15/2022 10:51:25 PM,5892,63,teleop,high,1,8,,,
3/15/2022 10:51:25 PM,5892,63,teleop,high,1,8,,,
3/15/2022 10:51:25 PM,5892,63,teleop,high,1,8,,,
3/15/2022 10:51:25 PM,5892,63,teleop,low,1,1,,,
3/15/2022 10:51:25 PM,8210,63,teleop,high,1,8,,,
3/15/2022 10:51:25 PM,8210,63,teleop,high,1,8,,,
3/15/2022 10:51:25 PM,8210,63,teleop,high,1,8,,,
3/15/2022 10:51:25 PM,8210,63,teleop,high,1,8,,,
3/15/2022 10:51:25 PM,8210,63,teleop,high,1,8,,,
3/15/2022 10:51:25 PM,8210,63,teleop,high,1,8,,,
3/15/2022 10:51:25 PM,8210,63,teleop,high,1,8,,,
3/15/2022 10:51:25 PM,8210,63,teleop,high,1,8,,,
3/15/2022 10:51:25 PM,8210,63,teleop,low,1,1,,,
3/15/2022 10:51:25 PM,4597,63,teleop,high,1,8,,,
3/15/2022 10:51:25 PM,4597,63,teleop,high,1,8,,,
3/15/2022 10:51:25 PM,4597,63,teleop,high,1,8,,,
3/15/2022 10:51:25 PM,4597,63,teleop,high,1,8,,,
3/15/2022 10:51:25 PM,4597,63,teleop,high,1,8,,,
3/15/2022 10:51:25 PM,4597,63,teleop,high,1,8,,,
3/15/2022 10:51:25 PM,4597,63,teleop,high,1,8,,,
3/15/2022 10:51:25 PM,4597,63,teleop,high,1,8,,,
3/15/2022 10:51:25 PM,4597,63,teleop,low,1,1,,,
3/15/2022 10:51:25 PM,6645,63,teleop,high,1,8,,,
3/15/2022 10:51:25 PM,6645,63,teleop,high,1,8,,,
3/15/2022 10:51:25 PM,6645,63,teleop,high,1,8,,,
3/15/2022 10:51:25 PM,6645,63,teleop,high,1,8,,,
3/15/2022 10:51:25 PM,6645,63,teleop,high,1,8,,,
3/15/2022 10:51:25 PM,6645,63,teleop,high,1,8,,,
3/15/2022 10:51:25 PM,6645,63,teleop,high,1,8,,,
3/15/2022 10:51:25 PM,6645,63,teleop,high,1,8,,,
3/15/2022 10:51:25 PM,6645,63,teleop,low,1,1,,,
3/15/2022 10:51:25 PM,8150,64,auto,high,1,1,,,
3/15/2022 10:51:25 PM,8150,64,auto,low,1,1,,,
3/15/2022 10:51:25 PM,324,64,auto,high,1,1,,,
3/15/2022 10:51:25 PM,324,64,auto,low,1,1,,,
3/15/2022 10:51:25 PM,4332,64,auto,high,1,1,,,
3/15/2022 10:51:25 PM,4332,64,auto,low,1,1,,,
3/15/2022 10:51:25 PM,5894,64,auto,high,1,1,,,
3/15/2022 10:51:25 PM,5894,64,auto,low,1,1,,,
3/15/2022 10:51:25 PM,8576,64,auto,high,1,1,,,
3/15/2022 10:51:25 PM,8576,64,auto,low,1,1,,,
3/15/2022 10:51:25 PM,7115,64,auto,high,1,1,,,
3/15/2022 10:51:25 PM,7115,64,auto,low,1,1,,,
4/2/2022 11:04:01 PM,1,1,auto,high,1,1,::1,,
4/2/2022 11:11:11 PM,1,1,teleop,high,1,1,::1,,
4/2/2022 11:16:10 PM,1,1,none,none,0,0,::1,,
